,availabilities,beer_ids,bro_scores,ibus,pDevs,ranks,reviews_nums
0,Year-round,607,3.6,,14.72%,607,"2,077"
1,Spring,15881,0.0,93 IBU,9.49%,15881,"2,572"
2,Year-round,35732,4.0,,11.08%,35732,965
3,Year-round,794,4.35,,11.72%,794,993
4,Year-round,6322,0.0,55 IBU,10.58%,6322,"1,176"
5,Fall,98495,0.0,,11.08%,98495,436
6,Year-round,3711,0.0,35 IBU,11.56%,3711,892
7,Spring,35397,4.2,,9.49%,35397,973
8,Fall,1792,4.0,,10.57%,1792,925
9,Year-round,1655,4.34,,10.86%,1655,"1,178"
10,Year-round,54522,0.0,,8.35%,54522,613
11,Winter,1173,4.1,,13.9%,1173,"1,205"
12,Year-round,410,4.4,,11.79%,410,"1,016"
13,Rotating,1490,0.0,,11.11%,1490,929
14,Year-round,623,4.23,,12.76%,623,578
15,Year-round,2526,4.0,32 IBU,12.07%,2526,542
16,Year-round,691,3.96,,10.58%,691,468
17,Year-round,61877,0.0,75 IBU,10.22%,61877,252
18,Year-round,363,4.0,,10.97%,363,728
19,Year-round,2297,3.41,,15.81%,2297,466
20,Rotating,95921,0.0,,8.78%,95921,212
21,Rotating,18721,0.0,,10.99%,18721,590
22,Year-round,213,4.3,,12%,213,472
23,Fall,104466,0.0,,9.69%,104466,221
24,Spring,199848,0.0,,8.11%,199848,261
25,Year-round,1597,3.37,,12.43%,1597,677
26,Winter,2671,4.41,,11.35%,2671,"3,096"
27,Winter,1891,4.17,,9.98%,1891,"1,118"
28,Fall,6533,3.8,,12.31%,6533,"1,094"
29,Year-round,20931,4.49,,10%,20931,"1,114"
30,Rotating,41300,0.0,,8.58%,41300,666
31,Winter,78551,4.09,,11.47%,78551,293
32,Fall,1009,3.8,,9.88%,1009,"1,118"
33,Winter,4810,0.0,,9.69%,4810,598
34,Winter,1579,0.0,"2011:  10.6% ABV, 69 IBU",9.34%,1579,757
35,Rotating,6646,3.93,,9.47%,6646,518
36,Spring,48224,0.0,,10.17%,48224,572
37,Rotating,34129,0.0,,9.64%,34129,269
38,Rotating,2965,4.43,,13.22%,2965,712
39,Fall,20762,0.0,,11.84%,20762,560
40,Rotating,89499,0.0,,8.63%,89499,144
41,Rotating,38470,4.2,,10.43%,38470,"1,916"
42,Rotating,79286,0.0,,8.71%,79286,702
43,Rotating,112938,0.0,,9.76%,112938,374
44,Fall,127483,0.0,,9.9%,127483,337
45,Rotating,46070,3.1,65 IBU,13.24%,46070,730
46,Year-round,67046,4.2,109 IBU,10.44%,67046,439
47,Winter,46385,4.2,,11.36%,46385,773
48,Winter,74123,3.82,,13.93%,74123,384
49,Rotating,113859,0.0,,10.21%,113859,230
50,Rotating,58695,4.2,,10%,58695,506
51,Year-round,3877,3.83,,10.43%,3877,599
52,Year-round,72490,4.0,,10.76%,72490,208
53,Rotating,190513,0.0,,8.1%,190513,235
54,Summer,59987,0.0,,13.24%,59987,453
55,Year-round,22193,4.42,,12.02%,22193,604
56,Year-round,22592,3.67,20 IBU,14.25%,22592,350
57,Summer,17984,3.54,,12.02%,17984,459
58,Summer,68008,4.5,,14.06%,68008,286
59,Year-round,1161,4.25,50 IBU,10.76%,1161,"2,081"
60,Year-round,33832,0.0,50 IBU,11.72%,33832,"2,133"
61,Year-round,1339,4.2,,12.53%,1339,"1,470"
62,Fall,60420,4.15,,11.46%,60420,"1,117"
63,Fall,1924,0.0,,11.23%,1924,920
64,Year-round,2296,3.57,,13.24%,2296,916
65,Year-round,184,4.39,18 IBU,10.94%,184,984
66,Year-round,30764,0.0,,10.6%,30764,862
67,Spring,56613,0.0,,10.71%,56613,866
68,Year-round,146,3.42,,12.67%,146,959
69,Year-round,2894,4.12,,10.54%,2894,725
70,Year-round,28165,4.12,,9.83%,28165,764
71,Rotating,64550,0.0,,7.23%,64550,420
72,Winter,66449,3.08,,14.92%,66449,343
73,Rotating,35134,0.0,20 IBU,15.22%,35134,404
74,Winter,3914,0.0,,12.77%,3914,310
75,Year-round,2093,4.32,90 IBU,11.01%,2093,"3,949"
76,Rotating,7971,4.68,,7.74%,7971,"3,735"
77,Year-round,16814,4.34,,6.99%,16814,"2,447"
78,Winter,17112,4.2,,9.64%,17112,"3,607"
79,Rotating,84596,4.4,,9.05%,84596,"1,532"
80,Year-round,74986,3.97,,9.72%,74986,"1,640"
81,Rotating,9086,0.0,,15.09%,9086,"2,373"
82,Year-round,22505,4.5,,10.43%,22505,"1,904"
83,Year-round,35738,0.0,,9.79%,35738,"2,180"
84,Year-round,99873,0.0,,9.11%,99873,873
85,Year-round,18862,4.09,70 IBU,10.17%,18862,"1,895"
86,Rotating,34146,0.0,,9.52%,34146,"1,658"
87,Rotating,55939,4.2,,11.24%,55939,"1,491"
88,Year-round,1558,4.17,100 IBU,9.09%,1558,"1,733"
89,Rotating,82250,3.88,,9.3%,82250,909
90,Rotating,22352,4.28,,10.17%,22352,"1,879"
91,Year-round,1372,4.03,,10.28%,1372,"1,564"
92,Rotating,117177,0.0,,6.99%,117177,686
93,Year-round,77299,4.08,,10.19%,77299,906
94,Rotating,46849,0.0,,7.78%,46849,951
95,Year-round,57908,0.0,,11.19%,57908,"1,082"
96,Year-round,17060,4.47,,11.41%,17060,"1,591"
97,Rotating,45175,0.0,,10.34%,45175,767
98,Year-round,8919,4.0,,9.98%,8919,"1,375"
99,Rotating,7597,4.3,"So mega-hopped it will take you to hop heaven. We’ve used hops in the boil, more hops in the giant hopback, and added to that, an incredible amount of dry-hopping for that cutting-edge “hop bite.” Once you’ve tasted this unique beer, all others pale in comparison. 1.072 OG Classified IBU",8.08%,7597,945
100,Year-round,52531,0.0,100 IBU,9.39%,52531,727
101,Rotating,90156,4.03,,9.11%,90156,510
102,Rotating,30288,4.0,,11.08%,30288,"1,368"
103,Winter,21690,0.0,,7.45%,21690,965
104,Year-round,28577,0.0,,11.55%,28577,"1,225"
105,Spring,55412,0.0,,13.8%,55412,975
106,Rotating,52077,0.0,,8.51%,52077,603
107,Year-round,91670,0.0,100 IBU,8%,91670,343
108,Rotating,57259,0.0,85 IBU,8.66%,57259,594
109,Rotating,10386,4.2,,9.71%,10386,694
110,Year-round,66436,4.2,,9.11%,66436,598
111,Year-round,90410,0.0,,12.66%,90410,485
112,Spring,22381,4.15,,10.36%,22381,930
113,Summer,52361,0.0,,10.58%,52361,788
114,Rotating,58299,0.0,,7.34%,58299,397
115,Rotating,18421,0.0,,11.72%,18421,724
116,Rotating,34085,4.0,,10.51%,34085,"1,003"
117,Rotating,110895,0.0,,9.88%,110895,450
118,Rotating,47434,4.12,,9.69%,47434,857
119,Year-round,84045,3.37,,9.31%,84045,450
120,Year-round,77708,0.0,,7.48%,77708,410
121,Rotating,125646,4.31,,6.11%,125646,333
122,Winter,104028,0.0,,10.02%,104028,386
123,Year-round,168971,0.0,,7.8%,168971,482
124,Rotating,22527,0.0,,12.24%,22527,816
125,Rotating,78377,0.0,,9.09%,78377,383
126,Year-round,55342,0.0,,9.11%,55342,629
127,Rotating,52928,0.0,,7.85%,52928,283
128,Rotating,47659,0.0,,11.27%,47659,492
129,Rotating,92971,0.0,,11.68%,92971,324
130,Rotating,64545,0.0,,7.3%,64545,347
131,Winter,8037,4.25,,9.24%,8037,512
132,Rotating,115317,0.0,,7.54%,115317,265
133,Rotating,113674,0.0,100+ IBU,7.14%,113674,291
134,Summer,46080,0.0,,9.18%,46080,495
135,Spring,68269,4.0,,7.87%,68269,502
136,Rotating,78517,0.0,,8.8%,78517,278
137,Rotating,114804,4.4,,7.13%,114804,276
138,Year-round,30970,4.46,,12.07%,30970,904
139,Rotating,127652,4.26,,7.38%,127652,235
140,Rotating,123810,0.0,,8.08%,123810,213
141,Year-round,35754,0.0,,12.82%,35754,"1,004"
142,Year-round,101392,0.0,,10.29%,101392,248
143,Year-round,7284,0.0,,9.55%,7284,967
144,Rotating,31323,4.31,,10.02%,31323,815
145,Rotating,67219,4.17,58 IBU,13.49%,67219,576
146,Rotating,69522,0.0,,6.07%,69522,221
147,Year-round,37966,0.0,,10.2%,37966,470
148,Year-round,113602,0.0,,9.85%,113602,233
149,Rotating,56082,0.0,,8.99%,56082,404
150,Year-round,44755,0.0,,11.08%,44755,724
151,Year-round,25851,3.92,,10.5%,25851,366
152,Year-round,92472,0.0,,10.71%,92472,263
153,Rotating,42063,3.88,,10.55%,42063,504
154,Summer,25259,4.56,,11.44%,25259,943
155,Rotating,145496,3.03,,6.5%,145496,229
156,Rotating,178857,0.0,,7.99%,178857,361
157,Rotating,53187,0.0,,7.83%,53187,227
158,Year-round,150877,3.85,,8.82%,150877,262
159,Rotating,93219,0.0,100+ IBU,6.67%,93219,205
160,Fall,99838,0.0,,8.29%,99838,197
161,Rotating,211516,4.22,,5.88%,211516,217
162,Year-round,58754,0.0,74 IBU,12.6%,58754,317
163,Rotating,202078,0.0,,7.14%,202078,308
164,Rotating,36748,0.0,,11.83%,36748,400
165,Year-round,41505,0.0,150 IBU,12.94%,41505,556
166,Rotating,85523,0.0,,6.37%,85523,176
167,Rotating,49838,0.0,,11.35%,49838,795
168,Year-round,28318,4.6,,10.6%,28318,565
169,Rotating,67760,0.0,,6.96%,67760,227
170,Rotating,72592,0.0,,12.72%,72592,269
171,Rotating,123062,3.79,,6.33%,123062,198
172,Year-round,90141,0.0,,7.67%,90141,193
173,Rotating,70910,4.17,,12.72%,70910,464
174,Rotating,87145,0.0,,8.41%,87145,144
175,Rotating,99011,0.0,,8.33%,99011,161
176,Rotating,140460,0.0,,8.33%,140460,263
177,Year-round,74065,4.45,,7.75%,74065,170
178,Rotating,126806,0.0,,9.95%,126806,183
179,Rotating,118987,0.0,,9.58%,118987,189
180,Rotating,12068,0.0,,9.05%,12068,401
181,Rotating,20470,4.45,,12.94%,20470,771
182,Rotating,66195,4.21,,8.27%,66195,229
183,Year-round,358,4.33,,11.41%,358,770
184,Year-round,139515,3.7,,11.05%,139515,298
185,Rotating,169611,0.0,,7.27%,169611,178
186,Rotating,83008,0.0,,6.54%,83008,162
187,Year-round,88207,0.0,,9.69%,88207,195
188,Rotating,95230,0.0,,10.2%,95230,162
189,Rotating,101085,0.0,,10.65%,101085,177
190,Year-round,170124,3.88,,9.41%,170124,239
191,,51785,3.53,,10.94%,51785,269
192,Rotating,79405,0.0,,8.93%,79405,211
193,Rotating,119252,0.0,,9.11%,119252,133
194,Rotating,116068,0.0,,6.36%,116068,131
195,Rotating,54745,0.0,,10.51%,54745,264
196,Rotating,147173,0.0,,10.53%,147173,206
197,Rotating,130699,0.0,,6.87%,130699,136
198,Rotating,99546,0.0,,9.83%,99546,104
199,Rotating,119182,0.0,,6.8%,119182,130
200,Year-round,75933,3.86,,10.61%,75933,191
201,Fall,138418,0.0,,8.7%,138418,130
202,Rotating,25265,4.0,,10.67%,25265,501
203,Rotating,152023,4.32,,6.74%,152023,161
204,Rotating,22172,4.22,,7.8%,22172,270
205,Year-round,27286,4.0,,12.89%,27286,481
206,Rotating,43886,3.53,,15.08%,43886,390
207,Year-round,133623,3.95,,9.18%,133623,142
208,Summer,22484,0.0,,11.62%,22484,479
209,Rotating,62172,0.0,,8.11%,62172,238
210,Rotating,213281,4.32,,6.59%,213281,185
211,Rotating,74548,3.5,,14.01%,74548,337
212,Rotating,58467,4.44,,8.2%,58467,226
213,Rotating,11757,4.75,60 IBU,9.09%,11757,"3,909"
214,Spring,19960,0.0,,8.48%,19960,"3,340"
215,Winter,10672,4.25,60 IBU,9.35%,10672,"3,028"
216,Winter,34420,4.13,,9.4%,34420,"2,013"
217,Rotating,57747,0.0,,7.91%,57747,"1,215"
218,Year-round,3833,0.0,,8.45%,3833,"1,733"
219,Rotating,94350,0.0,,8.22%,94350,"1,004"
220,Year-round,5428,3.82,,12.62%,5428,"1,575"
221,Year-round,1013,3.8,,11.85%,1013,"2,660"
222,Rotating,47658,0.0,,8.37%,47658,"1,278"
223,Rotating,40058,0.0,,10.56%,40058,"1,607"
224,Rotating,10325,4.97,,8.39%,10325,"1,858"
225,Rotating,2392,4.57,70 IBU,13.51%,2392,"1,809"
226,Rotating,37265,0.0,,7.93%,37265,753
227,Winter,20445,4.2,,11.42%,20445,"1,363"
228,Rotating,80291,0.0,,8.28%,80291,666
229,Spring,47022,4.45,80 IBU,8.3%,47022,819
230,Fall,51257,0.0,,9.69%,51257,717
231,Winter,21950,4.3,,8.86%,21950,"1,322"
232,Rotating,73618,4.33,,8.49%,73618,654
233,Rotating,59151,0.0,38 IBU,11.24%,59151,936
234,Spring,42723,0.0,,9.37%,42723,"1,069"
235,Fall,99558,0.0,,13.53%,99558,430
236,Rotating,41626,4.42,,9.27%,41626,888
237,Rotating,50176,0.0,,9.24%,50176,912
238,,46987,0.0,,9.26%,46987,855
239,Rotating,80197,0.0,,8.14%,80197,454
240,Rotating,78011,0.0,50 IBU,8.41%,78011,356
241,Rotating,53728,0.0,,9.47%,53728,350
242,Fall,76393,4.25,,7.61%,76393,357
243,Rotating,34094,0.0,,8.74%,34094,760
244,Rotating,16062,0.0,,8.45%,16062,730
245,Year-round,56469,4.0,60 IBU,10.78%,56469,761
246,Rotating,56199,0.0,,7.42%,56199,359
247,Year-round,1658,4.65,,9.69%,1658,"1,152"
248,Rotating,49286,4.0,,10.45%,49286,746
249,Rotating,102340,0.0,,7.3%,102340,269
250,Rotating,31484,0.0,,7.52%,31484,358
251,Rotating,96528,4.03,,9.71%,96528,409
252,Year-round,76896,0.0,,8.67%,76896,401
253,Spring,89345,0.0,,7.37%,89345,435
254,Rotating,81067,0.0,,8.39%,81067,425
255,Rotating,150933,4.06,,6.39%,150933,362
256,Rotating,31613,4.17,,8.92%,31613,888
257,Fall,55063,0.0,,7.4%,55063,314
258,Rotating,115939,0.0,,8.56%,115939,247
259,Year-round,78795,0.0,,10.51%,78795,361
260,Rotating,46188,0.0,,9.7%,46188,516
261,Rotating,75218,0.0,,6.67%,75218,172
262,Winter,37197,4.25,,8.27%,37197,593
263,Fall,64226,4.2,,8.49%,64226,309
264,Summer,74295,0.0,,7.96%,74295,154
265,Summer,60694,0.0,,10.19%,60694,396
266,Winter,137955,3.62,,9.22%,137955,307
267,Rotating,113523,0.0,,6.32%,113523,204
268,Rotating,104699,0.0,,7.32%,104699,142
269,Rotating,149331,0.0,,7.14%,149331,216
270,Rotating,67156,0.0,,10.76%,67156,453
271,Rotating,110635,0.0,,7.82%,110635,154
272,Rotating,40775,0.0,,12.26%,40775,478
273,Rotating,87246,0.0,,6.54%,87246,140
274,Rotating,109989,0.0,,8%,109989,133
275,Year-round,118553,0.0,,9.38%,118553,226
276,Rotating,53256,0.0,,10.05%,53256,439
277,Rotating,21100,0.0,,10.49%,21100,680
278,Rotating,76421,0.0,,7.66%,76421,230
279,Rotating,57110,0.0,,9%,57110,448
280,Rotating,45541,4.24,63 IBU,10.05%,45541,386
281,Summer,95746,0.0,,8.13%,95746,214
282,Rotating,78660,0.0,,8.17%,78660,129
283,Year-round,56274,0.0,,11.36%,56274,397
284,Year-round,47026,0.0,,11.81%,47026,474
285,Fall,27339,0.0,30 IBU,8.55%,27339,301
286,Rotating,139521,0.0,,6.01%,139521,189
287,Year-round,87418,0.0,,15.13%,87418,204
288,Rotating,128659,0.0,,12.03%,128659,154
289,Year-round,58811,0.0,56 IBU,10.64%,58811,326
290,Rotating,221289,0.0,,7.09%,221289,227
291,Rotating,19488,4.2,,11.73%,19488,426
292,Rotating,76008,0.0,,6.82%,76008,156
293,Rotating,172669,0.0,,6.58%,172669,186
294,Rotating,98020,0.0,,6.7%,98020,130
295,Rotating,68299,0.0,,9.34%,68299,229
296,Fall,75009,0.0,,8.41%,75009,194
297,,98050,0.0,,8.08%,98050,183
298,Rotating,136936,4.45,,5.65%,136936,208
299,Winter,36164,0.0,,10.15%,36164,241
300,Winter,28309,0.0,,16.1%,28309,384
301,Year-round,2812,0.0,,10.91%,2812,420
302,,37836,0.0,,11.17%,37836,424
303,Spring,40671,0.0,,10.07%,40671,387
304,Year-round,1093,4.02,,10.77%,1093,"3,629"
305,Year-round,29619,0.0,,9.79%,29619,"2,522"
306,Year-round,6108,4.12,60 IBU,11.27%,6108,"2,882"
307,Year-round,88,4.47,,10.69%,88,"3,071"
308,Year-round,30420,4.46,,10.84%,30420,"2,973"
309,Winter,1904,4.35,,11.33%,1904,"3,522"
310,Year-round,916,0.0,45.6 IBU,11.31%,916,"1,829"
311,Year-round,5441,4.47,65 IBU,10.41%,5441,"2,027"
312,Year-round,46363,4.5,70 IBU,9.35%,46363,"1,566"
313,Year-round,2751,4.23,,9.55%,2751,"2,354"
314,Year-round,1005,4.48,,11.58%,1005,"2,560"
315,Year-round,58914,0.0,,11.63%,58914,"1,038"
316,Year-round,38180,4.5,,9.46%,38180,"1,393"
317,Year-round,89174,4.46,,9.03%,89174,866
318,Year-round,55081,3.88,70 IBU,13%,55081,"1,316"
319,Rotating,22790,0.0,,8.72%,22790,"1,459"
320,Year-round,28203,0.0,,9.56%,28203,"1,554"
321,Year-round,6076,0.0,,9.95%,6076,"1,307"
322,Year-round,68916,4.21,,7.97%,68916,815
323,Year-round,16403,4.62,75 IBU,11.71%,16403,"1,851"
324,Year-round,60330,4.34,60 IBU,9.18%,60330,748
325,Spring,76816,0.0,,11.31%,76816,"1,125"
326,Spring,3951,4.0,50 IBU,12.24%,3951,"1,732"
327,Year-round,3158,4.59,,9.72%,3158,"2,082"
328,Fall,20478,4.37,70 IBU,8.94%,20478,"1,129"
329,Year-round,27604,4.19,,7.83%,27604,895
330,Year-round,709,4.3,,9.63%,709,"1,120"
331,Year-round,50564,0.0,,8.31%,50564,628
332,Year-round,73764,0.0,82 IBU,10.7%,73764,685
333,Rotating,95386,0.0,,13.93%,95386,542
334,Year-round,3916,0.0,,8.75%,3916,"1,355"
335,Year-round,11922,4.52,,11.58%,11922,"1,480"
336,Rotating,32286,0.0,,8.56%,32286,834
337,Rotating,86237,4.35,,6.44%,86237,655
338,Rotating,57252,3.74,,14.04%,57252,"1,075"
339,Fall,6549,4.55,,9.62%,6549,"1,534"
340,Year-round,71969,0.0,,10.07%,71969,688
341,Year-round,25755,0.0,,11.5%,25755,"1,263"
342,Year-round,111616,4.53,,7.21%,111616,449
343,Year-round,1493,3.92,,11.36%,1493,941
344,Year-round,111969,0.0,,11.14%,111969,487
345,Year-round,665,3.98,,11.6%,665,"1,584"
346,Year-round,53886,0.0,,11.52%,53886,804
347,Rotating,15758,0.0,,10.44%,15758,646
348,Rotating,65347,3.85,,10.7%,65347,685
349,Year-round,205,3.27,,12.89%,205,"1,224"
350,Year-round,34688,2.85,44 IBU,16.46%,34688,"1,210"
351,Year-round,5385,4.5,,11.06%,5385,933
352,Year-round,148052,0.0,,8.87%,148052,609
353,Year-round,20781,4.0,,11.14%,20781,933
354,Year-round,611,4.5,,12.03%,611,"1,238"
355,Year-round,2729,0.0,,10.91%,2729,"1,212"
356,Year-round,35626,4.5,,9.6%,35626,747
357,Year-round,55862,0.0,65 IBU,9.51%,55862,399
358,Year-round,29209,4.12,,11.08%,29209,866
359,Summer,42533,0.0,,9.9%,42533,"1,344"
360,Rotating,91677,0.0,,14.79%,91677,444
361,Rotating,58610,0.0,,8.37%,58610,495
362,Rotating,88969,4.09,,6.54%,88969,402
363,Year-round,48243,0.0,65 IBU,10.24%,48243,820
364,Year-round,66674,4.33,,15.96%,66674,541
365,Year-round,9088,3.89,,11.23%,9088,964
366,Rotating,84747,4.0,,10.89%,84747,465
367,Rotating,138735,3.99,,7.17%,138735,426
368,Year-round,109789,0.0,,9.44%,109789,451
369,Rotating,62722,0.0,,9.07%,62722,418
370,Year-round,17900,4.2,140 IBU,11.14%,17900,730
371,Year-round,59173,0.0,70 IBU,10.24%,59173,507
372,Rotating,100443,0.0,,6.22%,100443,270
373,Rotating,176650,0.0,,6.14%,176650,293
374,Winter,43969,0.0,,12.77%,43969,671
375,Year-round,20168,0.0,,12.97%,20168,673
376,Year-round,95068,0.0,,7.19%,95068,291
377,Year-round,76800,3.3,,15.52%,76800,449
378,Year-round,146788,3.75,,9.66%,146788,344
379,Year-round,33243,0.0,,9.41%,33243,778
380,Rotating,75898,0.0,,9.11%,75898,247
381,Year-round,46606,3.7,57 IBU,10.93%,46606,540
382,Year-round,12322,3.83,,12.5%,12322,791
383,Rotating,86487,0.0,,6.67%,86487,207
384,Fall,29127,0.0,80 IBU,9.41%,29127,484
385,Year-round,39435,4.0,45 IBU,12.5%,39435,579
386,Year-round,178740,0.0,,9.09%,178740,381
387,Year-round,92960,0.0,,8.39%,92960,259
388,Year-round,197183,0.0,,10.16%,197183,366
389,Year-round,69760,0.0,56 IBU,7.62%,69760,249
390,Year-round,108525,3.83,,9.44%,108525,282
391,Year-round,28565,0.0,65 IBU,10.43%,28565,475
392,Fall,86106,0.0,60 IBU,8.94%,86106,287
393,Year-round,89747,0.0,,8.09%,89747,254
394,Year-round,39390,0.0,52 IBU,17.37%,39390,558
395,Rotating,34164,3.78,,10.3%,34164,269
396,Fall,60832,3.95,,12.01%,60832,440
397,Fall,53267,0.0,,10%,53267,482
398,Year-round,107838,3.6,,7.64%,107838,201
399,Rotating,162643,0.0,,7.95%,162643,350
400,Year-round,65038,0.0,65 IBU,8.64%,65038,256
401,Year-round,27571,0.0,,11.32%,27571,361
402,Year-round,32432,3.31,,13.11%,32432,389
403,Year-round,66245,0.0,100 IBU,7.82%,66245,239
404,Year-round,57223,4.0,,8.9%,57223,199
405,Rotating,62328,0.0,,10.71%,62328,560
406,Year-round,942,3.91,,12.96%,942,564
407,Rotating,111176,0.0,,10.15%,111176,199
408,Year-round,22787,4.0,,11.68%,22787,423
409,Year-round,8411,0.0,50 IBU,11.47%,8411,207
410,Year-round,1472,4.0,,12.33%,1472,486
411,Fall,127866,0.0,,8.64%,127866,194
412,Year-round,6368,3.88,,9.26%,6368,681
413,Year-round,122334,0.0,69 IBU,9.27%,122334,214
414,Year-round,81072,0.0,,10.41%,81072,207
415,Rotating,134064,3.6,,6.3%,134064,172
416,Year-round,40416,4.5,,11.87%,40416,368
417,Rotating,134098,0.0,,9.69%,134098,220
418,Fall,9873,3.62,70 IBU,13.39%,9873,662
419,Year-round,35608,3.66,,8.31%,35608,459
420,Year-round,179482,4.05,,8.59%,179482,304
421,Year-round,33215,0.0,,9.05%,33215,376
422,Rotating,88298,0.0,,6.93%,88298,207
423,Year-round,2018,4.12,62 IBU,10.7%,2018,441
424,Year-round,10784,4.0,,9.9%,10784,514
425,Year-round,105430,4.0,,7.67%,105430,176
426,Rotating,42546,0.0,,12.83%,42546,534
427,Year-round,1670,0.0,,11.14%,1670,583
428,Year-round,403,3.97,,12.43%,403,558
429,Year-round,69290,4.17,,10.88%,69290,213
430,Rotating,95114,3.97,,9.3%,95114,236
431,Year-round,5614,0.0,,8.54%,5614,214
432,Rotating,50764,0.0,,14.33%,50764,326
433,Year-round,118971,0.0,,9.28%,118971,162
434,Year-round,118865,0.0,,7.52%,118865,207
435,Year-round,31763,4.0,,11.08%,31763,321
436,Year-round,5554,3.8,65 IBU,11.87%,5554,477
437,Rotating,150209,0.0,,5.99%,150209,152
438,Rotating,74530,4.0,,13.67%,74530,377
439,Year-round,112128,0.0,,11.88%,112128,203
440,Year-round,40628,2.85,50+ IBU,10.61%,40628,429
441,Fall,33467,0.0,,10.37%,33467,533
442,Year-round,49058,4.2,,9.93%,49058,490
443,Winter,52766,0.0,65 IBU,10.84%,52766,259
444,Rotating,125926,3.53,,6.38%,125926,149
445,Rotating,128182,0.0,,7.28%,128182,183
446,Year-round,65842,4.0,69 IBU,12.27%,65842,211
447,Year-round,466,4.11,,12.3%,466,543
448,Rotating,89586,0.0,60 IBU,6.93%,89586,185
449,Year-round,17492,4.0,,12.73%,17492,399
450,Year-round,96304,4.01,,9.54%,96304,134
451,Rotating,65993,0.0,,7.76%,65993,151
452,Year-round,52718,4.03,65 IBU,9.34%,52718,212
453,Year-round,62129,0.0,,9.69%,62129,145
454,Rotating,73173,0.0,80 IBU,7.89%,73173,138
455,Year-round,78791,0.0,,11.11%,78791,222
456,Year-round,144097,3.67,,11.02%,144097,160
457,Rotating,59815,0.0,,6.94%,59815,139
458,Year-round,276,4.09,37 IBU,11.66%,276,"3,061"
459,Year-round,64228,0.0,,8.5%,64228,"1,611"
460,Year-round,6518,3.58,,11.6%,6518,"1,979"
461,Year-round,39,4.23,68 IBU,8.94%,39,"1,867"
462,Year-round,72170,4.27,50 IBU,7.52%,72170,709
463,Year-round,195,4.3,,11.28%,195,"1,026"
464,Year-round,48582,4.2,,9.38%,48582,899
465,Year-round,751,3.53,,12.91%,751,800
466,Year-round,78906,0.0,,8.16%,78906,479
467,Year-round,225,4.15,,11.17%,225,"1,042"
468,Year-round,51512,4.2,,9.49%,51512,625
469,Year-round,4073,0.0,35 IBU,11.38%,4073,846
470,Year-round,57886,0.0,,8.13%,57886,379
471,Winter,55564,4.3,,10.02%,55564,619
472,Year-round,56738,4.0,,9.95%,56738,531
473,Year-round,66281,4.0,,11.25%,66281,619
474,Fall,133621,4.03,,6.82%,133621,500
475,Year-round,5753,4.0,35 IBU,12.71%,5753,693
476,Year-round,1213,3.78,,12.67%,1213,"1,004"
477,Rotating,98383,0.0,,8.89%,98383,404
478,Rotating,1158,0.0,42 IBU,10.82%,1158,696
479,Year-round,88949,4.13,,6.28%,88949,228
480,Year-round,6590,3.45,,13.74%,6590,880
481,Year-round,5643,0.0,,10.7%,5643,578
482,Year-round,44896,0.0,,10.41%,44896,429
483,Year-round,5948,3.58,,10.58%,5948,776
484,Year-round,91358,0.0,50 IBU,8.87%,91358,186
485,Year-round,110744,4.07,55 IBU,10.3%,110744,197
486,Rotating,107406,4.06,,6.14%,107406,193
487,Rotating,88404,0.0,,8.4%,88404,207
488,Year-round,86647,3.66,,10.28%,86647,271
489,Rotating,26233,4.18,,9.85%,26233,694
490,Rotating,116067,0.0,,5.66%,116067,178
491,Year-round,20536,3.47,,13.88%,20536,626
492,Winter,175577,3.89,,8.35%,175577,299
493,Year-round,100217,0.0,,9.34%,100217,263
494,Fall,26395,4.42,38 IBU,10.24%,26395,528
495,Rotating,155168,0.0,,6.78%,155168,291
496,Year-round,914,3.53,,13.45%,914,635
497,Rotating,74467,4.26,,11.03%,74467,180
498,Rotating,77648,0.0,,8.64%,77648,144
499,Rotating,113339,0.0,,8.96%,113339,198
500,Year-round,55987,0.0,,12.96%,55987,193
501,Year-round,78937,0.0,,11.97%,78937,209
502,Rotating,154542,0.0,,5.99%,154542,139
503,Rotating,165463,0.0,,6.44%,165463,151
504,Summer,50241,4.13,,9.58%,50241,311
505,Rotating,3451,0.0,,7.92%,3451,237
506,Year-round,94175,0.0,,9.02%,94175,146
507,Rotating,105399,0.0,,10.47%,105399,174
508,Year-round,2094,0.0,30 IBU,12.15%,2094,418
509,Year-round,114532,0.0,,14.71%,114532,115
510,Spring,77480,3.61,,14.25%,77480,236
511,Year-round,114884,0.0,,7.99%,114884,147
512,Year-round,30679,0.0,,11.22%,30679,246
513,Rotating,59672,0.0,,6.77%,59672,124
514,Year-round,3714,0.0,,13.78%,3714,326
515,Year-round,49789,4.2,,10%,49789,"1,709"
516,Summer,1094,0.0,,12.57%,1094,"1,831"
517,Year-round,9478,3.7,35 IBU,10.24%,9478,"1,574"
518,Summer,103,3.42,,16.22%,103,"1,688"
519,Year-round,17141,3.45,18 IBU,15.04%,17141,937
520,Year-round,49092,0.0,,15.58%,49092,643
521,Year-round,1260,3.87,14 IBU,14.61%,1260,584
522,Year-round,28536,3.88,15 IBU,17.46%,28536,668
523,Year-round,65113,4.0,21 IBU,11%,65113,239
524,Year-round,318,3.68,19 IBU,14.66%,318,603
525,Summer,17497,4.17,,11.9%,17497,570
526,Summer,2550,3.65,,14.75%,2550,603
527,Year-round,96436,4.1,,8.29%,96436,219
528,Year-round,52633,3.25,,18.41%,52633,499
529,Summer,70089,0.0,,20%,70089,160
530,Spring,36594,3.08,15 IBU,16.72%,36594,392
531,Year-round,7348,4.23,45 IBU,9.18%,7348,"1,684"
532,Rotating,48505,0.0,,8.66%,48505,"1,467"
533,Year-round,226,4.29,,9.91%,226,"2,050"
534,Year-round,198,4.67,,10.53%,198,"1,600"
535,Year-round,27800,3.77,,15.3%,27800,"1,112"
536,Year-round,61,4.44,,11.25%,61,"1,559"
537,Year-round,279,3.94,,10.8%,279,"1,454"
538,Year-round,1287,3.86,,10.1%,1287,"1,080"
539,Year-round,353,4.12,,11.66%,353,"1,371"
540,Year-round,622,4.37,43 IBU,10.41%,622,"1,095"
541,Rotating,61062,0.0,,7.33%,61062,406
542,Rotating,88269,3.0,,14.96%,88269,434
543,Winter,20564,3.95,,12.37%,20564,"1,186"
544,Year-round,37795,3.7,30 IBU,10.89%,37795,930
545,Winter,7438,0.0,38 IBU,9.95%,7438,767
546,Winter,1769,4.11,,11.08%,1769,993
547,Rotating,62761,4.27,,8.05%,62761,297
548,Rotating,75446,0.0,,8.05%,75446,277
549,Rotating,33183,3.97,,11.84%,33183,747
550,Year-round,101458,0.0,,11.22%,101458,270
551,Winter,86776,0.0,,17.25%,86776,267
552,Year-round,33336,0.0,,18.73%,33336,548
553,Rotating,90473,0.0,,8.11%,90473,217
554,Rotating,87109,3.18,,11.78%,87109,234
555,Rotating,85822,0.0,,8.21%,85822,275
556,Year-round,6088,4.08,,11.37%,6088,566
557,Rotating,84140,0.0,,9.35%,84140,230
558,Rotating,172420,0.0,,7.8%,172420,272
559,Year-round,738,4.4,,10.07%,738,426
560,Winter,75502,0.0,,8.3%,75502,191
561,Rotating,12104,0.0,,12.07%,12104,536
562,Winter,62972,0.0,,8.31%,62972,193
563,Year-round,85,4.02,,9.83%,85,487
564,Year-round,921,3.4,,16.32%,921,406
565,Rotating,132105,4.25,,7.61%,132105,126
566,Rotating,77563,0.0,,6.02%,77563,155
567,Year-round,5703,4.3,,9.82%,5703,341
568,Year-round,5722,0.0,,11.72%,5722,499
569,Year-round,10433,3.73,,11.68%,10433,443
570,Year-round,1117,3.67,,10.55%,1117,"1,603"
571,Year-round,1118,4.49,,12.29%,1118,"1,920"
572,Year-round,197,4.7,,9.52%,197,"1,167"
573,Fall,2403,3.66,,10.38%,2403,"1,467"
574,Year-round,283,4.58,,10.81%,283,"1,449"
575,Fall,1153,3.43,21 IBU,13.14%,1153,"1,377"
576,Winter,2010,3.77,,11.17%,2010,"1,152"
577,Winter,2511,0.0,,16.1%,2511,"1,039"
578,Rotating,56545,0.0,,9.02%,56545,474
579,Winter,6227,3.83,,10.33%,6227,660
580,Rotating,10330,0.0,,8.57%,10330,637
581,Year-round,86545,0.0,,12.93%,86545,267
582,Year-round,1192,4.47,,12.47%,1192,703
583,Year-round,1830,3.53,,10.34%,1830,601
584,Rotating,135684,0.0,,9.56%,135684,235
585,Year-round,6373,0.0,,10.88%,6373,458
586,Year-round,2870,0.0,,15.74%,2870,448
587,Winter,2810,4.36,,11.05%,2810,412
588,Year-round,92,4.39,,12.29%,92,"3,105"
589,Rotating,1056,4.57,,10.8%,1056,"2,132"
590,Winter,2264,4.04,,11.17%,2264,"1,627"
591,Rotating,8951,4.61,,11.9%,8951,"1,874"
592,Rotating,48385,0.0,66.6 IBU,10.07%,48385,"1,067"
593,Winter,2533,0.0,,11.46%,2533,976
594,Rotating,25759,0.0,,11.88%,25759,564
595,Rotating,62645,0.0,,9.62%,62645,781
596,Rotating,60886,0.0,,9.28%,60886,450
597,Rotating,47954,0.0,,9.07%,47954,284
598,Rotating,32413,0.0,,10.96%,32413,705
599,Year-round,459,4.17,,11.79%,459,873
600,Year-round,142974,0.0,,10.26%,142974,317
601,Rotating,41043,4.0,,11.84%,41043,533
602,Winter,55401,3.91,,7.01%,55401,208
603,Rotating,22227,4.62,,8.77%,22227,"1,483"
604,Rotating,45653,0.0,,8.91%,45653,"1,182"
605,Rotating,9474,4.46,,8.74%,9474,"1,036"
606,Rotating,20518,0.0,,8.78%,20518,634
607,Rotating,27992,0.0,,8.57%,27992,569
608,Rotating,51741,0.0,,8.82%,51741,307
609,Fall,70286,0.0,,10.87%,70286,378
610,Rotating,26541,3.71,,9.32%,26541,504
611,Rotating,53747,0.0,,10.22%,53747,364
612,Year-round,19314,0.0,,12.16%,19314,791
613,Rotating,94634,0.0,,6.97%,94634,182
614,Rotating,56266,0.0,,7.64%,56266,236
615,Rotating,42203,0.0,,8.06%,42203,303
616,Rotating,45368,0.0,,10.12%,45368,362
617,Rotating,34315,0.0,,10.93%,34315,417
618,Rotating,63724,0.0,,7.69%,63724,97
619,Rotating,55992,0.0,,8.29%,55992,262
620,Rotating,97036,0.0,,7.35%,97036,127
621,Rotating,84772,0.0,,6.13%,84772,96
622,Fall,62403,0.0,,8.13%,62403,162
623,Winter,90250,0.0,,9.4%,90250,109
624,Rotating,43217,4.5,,13.17%,43217,339
625,Rotating,66743,0.0,,8.1%,66743,133
626,Rotating,38149,0.0,,7.86%,38149,234
627,Rotating,79533,0.0,,7.73%,79533,70
628,Year-round,1381,2.85,,17.65%,1381,706
629,,1741,0.0,,20.25%,1741,454
630,Rotating,41702,4.5,8 IBU,14.81%,41702,779
631,Spring,354,4.3,Oxygen Fixing Caps - 35 IBU,18.26%,354,701
632,Rotating,77601,4.05,,13.32%,77601,277
633,Year-round,1963,0.0,,13.33%,1963,831
634,Summer,23506,3.79,,15.26%,23506,495
635,Year-round,1376,3.04,,19.74%,1376,565
636,Rotating,169625,0.0,,9.82%,169625,274
637,Fall,38394,3.59,,17.04%,38394,"1,980"
638,Fall,6260,4.05,28 IBU,12.72%,6260,"2,140"
639,Fall,100,3.24,,19.55%,100,741
640,Fall,25880,3.97,,13.37%,25880,"1,026"
641,Fall,1932,1.58,,27%,1932,889
642,Rotating,45844,3.13,,15.85%,45844,650
643,Fall,32767,0.0,16 IBU,11.43%,32767,581
644,Fall,74,3.86,,15.9%,74,893
645,Fall,11819,4.13,45 IBU,14.67%,11819,859
646,Rotating,52248,3.92,,15.55%,52248,486
647,Fall,1567,4.0,,14.37%,1567,563
648,Fall,97291,3.51,,14.45%,97291,222
649,Fall,62449,0.0,,13.24%,62449,324
650,Fall,47020,0.0,35 IBU,11.03%,47020,230
651,Fall,73731,0.0,,15.7%,73731,259
652,Fall,7077,4.2,,11.9%,7077,389
653,Fall,72412,3.17,,21.38%,72412,231
654,Year-round,643,3.01,,22.15%,643,639
655,Rotating,25608,3.35,,16.52%,25608,440
656,Fall,33405,0.0,10 IBU,15.73%,33405,288
657,Fall,71325,3.58,20 IBU,15.32%,71325,201
658,Fall,16074,4.41,,10.53%,16074,"1,672"
659,Spring,43223,0.0,,11.68%,43223,332
660,Rotating,56168,4.38,47 IBU,10.19%,56168,437
661,Year-round,30502,4.2,,10.78%,30502,644
662,Winter,16115,4.09,78 IBU,8.21%,16115,456
663,Rotating,51069,0.0,,11.79%,51069,308
664,Rotating,84078,0.0,,12.47%,84078,193
665,Rotating,105784,0.0,,11.27%,105784,154
666,,1862,0.0,,13.72%,1862,553
667,Rotating,38818,0.0,,12.04%,38818,708
668,Year-round,52855,3.16,,13.47%,52855,"1,177"
669,Summer,57912,4.07,72.51 IBU,10.73%,57912,940
670,Year-round,43905,0.0,,11.36%,43905,"1,113"
671,,27804,4.38,,10.48%,27804,"1,210"
672,Year-round,36727,0.0,,10.95%,36727,754
673,Year-round,68942,3.73,,12.81%,68942,353
674,Fall,99699,3.77,,12.1%,99699,327
675,Rotating,113857,0.0,,11.41%,113857,202
676,Rotating,72465,0.0,100 IBU,9.49%,72465,275
677,,129,4.92,,12.38%,129,"2,363"
678,,2137,2.81,,15.73%,2137,"1,405"
679,Year-round,593,4.41,,10.81%,593,"1,176"
680,,2184,4.4,,13.02%,2184,719
681,Rotating,13741,0.0,,10.7%,13741,566
682,Spring,56875,4.0,,10.8%,56875,466
683,,620,4.22,,10.74%,620,536
684,Rotating,77233,3.29,,14.71%,77233,243
685,Year-round,108956,3.5,,10.47%,108956,245
686,,2823,0.0,,16.62%,2823,295
687,Summer,92397,0.0,,9.77%,92397,192
688,,2512,4.0,,10.47%,2512,"2,396"
689,,1696,4.79,,9.93%,1696,"1,943"
690,Year-round,30,4.5,,10.87%,30,"2,045"
691,Year-round,33,4.55,,10.48%,33,"1,952"
692,Rotating,1180,3.17,25 IBU,15.03%,1180,"1,774"
693,,155,4.42,,11.32%,155,"1,365"
694,Winter,7531,3.77,,14.99%,7531,"1,287"
695,Year-round,30282,3.0,,13.16%,30282,"1,073"
696,,1421,4.22,,12.47%,1421,934
697,Year-round,40051,4.2,,10.64%,40051,733
698,Year-round,3635,0.0,,11.03%,3635,961
699,,2347,3.53,,12.37%,2347,803
700,,6947,0.0,,10.23%,6947,909
701,Rotating,34877,0.0,,10.23%,34877,736
702,Rotating,3089,0.0,40 IBU,13.09%,3089,711
703,Rotating,47678,0.0,,10.62%,47678,551
704,Winter,52510,0.0,,12.83%,52510,527
705,,2269,4.19,,9.83%,2269,559
706,Winter,13742,0.0,,9.54%,13742,476
707,,140,4.42,,10.39%,140,615
708,Rotating,21363,4.58,,9.2%,21363,422
709,Winter,76874,0.0,,10.9%,76874,282
710,,1581,3.93,,10.08%,1581,551
711,Rotating,51619,4.15,,11.49%,51619,368
712,Rotating,71947,0.0,,15.28%,71947,288
713,Winter,39267,0.0,,11.41%,39267,430
714,,813,4.68,,10.26%,813,480
715,,695,4.75,,11.76%,695,"2,868"
716,,1385,4.0,,11.86%,1385,"1,724"
717,Year-round,4318,4.44,,11.91%,4318,"1,300"
718,Year-round,12770,0.0,,9.95%,12770,"1,155"
719,Year-round,411,4.7,,11.63%,411,"1,238"
720,Year-round,694,4.24,,10.36%,694,"1,320"
721,,1836,4.47,,10.21%,1836,927
722,,156,4.22,,12.04%,156,"1,057"
723,Rotating,35328,4.8,,11.65%,35328,923
724,Rotating,53134,0.0,,10.03%,53134,518
725,,635,3.12,,13.19%,635,729
726,Rotating,65200,3.99,,10.76%,65200,467
727,,817,4.74,,11.72%,817,523
728,Year-round,2361,4.74,,12.07%,2361,402
729,Year-round,18975,0.0,,10.22%,18975,740
730,Rotating,2961,4.04,,12.07%,2961,535
731,,30955,0.0,,10.19%,30955,309
732,,672,4.37,,10.84%,672,"1,722"
733,Year-round,142,4.53,,11.3%,142,"1,774"
734,,674,4.33,,10.29%,674,"1,241"
735,,3842,4.2,,10.12%,3842,"1,021"
736,,1855,3.95,,8.65%,1855,"1,079"
737,Rotating,16807,0.0,26 IBU,10.71%,16807,886
738,Year-round,1912,4.49,,11.97%,1912,798
739,,857,4.23,,8.04%,857,833
740,Year-round,10,3.97,,11.29%,10,793
741,,1856,0.0,,9.29%,1856,727
742,Rotating,20604,0.0,,11.9%,20604,670
743,,2508,4.27,,10.67%,2508,671
744,,138,4.07,,11.5%,138,590
745,Winter,26667,0.0,30 IBU,11.44%,26667,511
746,,1496,0.0,,12.34%,1496,507
747,,7712,0.0,,15.26%,7712,521
748,Year-round,1917,0.0,,10.12%,1917,"1,069"
749,,10482,0.0,,13.21%,10482,"1,159"
750,Rotating,44409,4.5,,10%,44409,525
751,Rotating,23459,4.26,,10.1%,23459,495
752,,773,4.1,,10.29%,773,577
753,Rotating,51983,0.0,,10.1%,51983,256
754,,2479,0.0,,12.47%,2479,595
755,,1745,4.19,,14.22%,1745,"1,566"
756,,673,4.61,,11.19%,673,"1,169"
757,,50772,0.0,,10.16%,50772,514
758,Fall,54888,0.0,,9.58%,54888,408
759,Rotating,38530,0.0,,9.11%,38530,586
760,,1882,0.0,,11.53%,1882,690
761,,74778,4.59,,6.94%,74778,230
762,Rotating,42193,3.92,,8.27%,42193,295
763,,1703,4.49,,8.99%,1703,918
764,,6305,0.0,,8.18%,6305,751
765,,6104,4.57,,10.98%,6104,917
766,,70745,0.0,,8.29%,70745,364
767,Rotating,51116,0.0,,7.14%,51116,289
768,Rotating,86970,0.0,,8.59%,86970,172
769,,1710,4.55,,10.09%,1710,511
770,,21683,0.0,,7.8%,21683,280
771,,6317,0.0,,9.32%,6317,562
772,,13826,0.0,,7.56%,13826,210
773,,5357,0.0,,9.93%,5357,385
774,,79387,0.0,,6.68%,79387,189
775,,5212,0.0,,10.77%,5212,351
776,,2595,4.0,,10.4%,2595,461
777,,5281,0.0,,7.31%,5281,546
778,,599,3.55,,14.43%,599,"1,058"
779,,1632,4.12,,9.63%,1632,729
780,,2557,3.8,,9.49%,2557,765
781,,8954,0.0,,7.49%,8954,489
782,,3659,0.0,,7.36%,3659,359
783,,2558,0.0,,7.92%,2558,320
784,,13825,0.0,,6.99%,13825,299
785,,600,3.77,,13.51%,600,538
786,,6306,0.0,,7.66%,6306,344
787,,598,4.17,,12.44%,598,474
788,,85743,0.0,,6.62%,85743,118
789,,7435,0.0,,8.94%,7435,505
790,,1708,4.48,,9.19%,1708,"2,831"
791,,645,4.4,,9.56%,645,"2,916"
792,Year-round,3457,4.06,,11.57%,3457,"2,129"
793,,1545,4.19,,8.91%,1545,"1,904"
794,Year-round,39621,4.5,22 IBU,10.82%,39621,849
795,Rotating,63249,0.0,,8.05%,63249,340
796,Rotating,43670,4.5,19 IBU,10.33%,43670,729
797,,34306,0.0,,9.24%,34306,847
798,,1402,0.0,,10.31%,1402,965
799,,39286,4.0,,8.98%,39286,740
800,Year-round,2014,0.0,,11.63%,2014,854
801,Rotating,8998,0.0,,12.47%,8998,634
802,,71973,0.0,,10.63%,71973,282
803,,34312,0.0,,8.58%,34312,395
804,Winter,1635,0.0,,12.92%,1635,562
805,Year-round,34415,0.0,,11.99%,34415,432
806,Rotating,89540,0.0,,10.78%,89540,232
807,Year-round,141,4.3,,10.84%,141,"2,195"
808,Year-round,50570,0.0,38 IBU,10.31%,50570,"1,084"
809,Year-round,48824,0.0,,10.02%,48824,"1,126"
810,,1717,4.18,,10.53%,1717,"1,645"
811,Rotating,36333,4.5,38 IBU,10.05%,36333,782
812,Year-round,51480,4.2,,11.03%,51480,728
813,,5057,0.0,,13.11%,5057,836
814,Rotating,62282,0.0,,7.57%,62282,270
815,Year-round,42434,4.5,,10.22%,42434,576
816,Year-round,57202,0.0,,11.47%,57202,511
817,Year-round,49374,4.12,,11.14%,49374,479
818,Rotating,60785,0.0,,14.59%,60785,465
819,Rotating,64916,0.0,,7.59%,64916,243
820,Rotating,66507,4.0,,12.99%,66507,338
821,Year-round,69702,0.0,,7.49%,69702,266
822,Year-round,30845,0.0,,10.33%,30845,615
823,Rotating,114806,0.0,,9.64%,114806,227
824,,1716,3.58,,9.62%,1716,635
825,Rotating,27837,4.2,,9.98%,27837,456
826,Rotating,28176,0.0,,11.7%,28176,655
827,Year-round,88169,0.0,,8.75%,88169,243
828,Rotating,81079,0.0,,7.88%,81079,182
829,Rotating,37112,0.0,,10%,37112,528
830,Rotating,58048,3.52,,13.68%,58048,550
831,Rotating,90101,0.0,,7.89%,90101,221
832,Rotating,118062,0.0,,13.13%,118062,205
833,Summer,58523,0.0,,10.7%,58523,355
834,Spring,46983,0.0,,9.5%,46983,500
835,,93400,0.0,,6.36%,93400,138
836,Rotating,88209,0.0,,9.11%,88209,193
837,Year-round,108002,0.0,,9.61%,108002,182
838,Spring,4629,0.0,,13.26%,4629,384
839,Rotating,47776,0.0,,12.01%,47776,454
840,Rotating,61139,4.0,,7.6%,61139,153
841,Year-round,32423,0.0,,10.66%,32423,395
842,Year-round,34,4.83,,11.34%,34,"3,024"
843,Year-round,1003,3.38,,15.05%,1003,"1,825"
844,,646,4.86,,10%,646,"1,772"
845,,1346,4.26,,11.14%,1346,"1,677"
846,,656,4.22,,10.05%,656,"1,356"
847,Year-round,16909,4.49,,10.98%,16909,916
848,,722,4.32,,9.2%,722,"1,295"
849,Year-round,1054,4.1,,13.12%,1054,"1,044"
850,Year-round,448,4.15,,10.14%,448,965
851,Year-round,6073,4.0,,13.7%,6073,821
852,,2566,3.58,,11.76%,2566,704
853,Year-round,39754,4.5,23 IBU,10.82%,39754,469
854,Summer,42878,0.0,25 IBU,9.44%,42878,354
855,Rotating,53773,0.0,,12.53%,53773,306
856,,658,4.0,,10.86%,658,483
857,Year-round,1212,3.65,,18.48%,1212,"1,683"
858,Year-round,59,4.54,,11.54%,59,"1,404"
859,,248,3.6,,14.81%,248,"1,811"
860,Year-round,39908,3.1,,23.31%,39908,902
861,Year-round,53453,0.0,20 IBU,13%,53453,656
862,Year-round,9689,3.33,22 IBU,13.42%,9689,782
863,Year-round,31,4.03,,11.31%,31,"1,058"
864,Year-round,29015,3.55,,20.47%,29015,910
865,Winter,8682,3.71,,12.91%,8682,765
866,Winter,109458,3.02,,14.29%,109458,321
867,Year-round,16506,3.42,,11.14%,16506,791
868,Rotating,32435,0.0,35 IBU,13.14%,32435,709
869,Winter,86393,3.42,,15.36%,86393,328
870,Year-round,47364,0.0,,18.84%,47364,676
871,,7879,4.45,,11.06%,7879,681
872,,2013,4.38,,11.79%,2013,564
873,Year-round,69218,0,18 IBU,11.59%,"30,136",227
874,Rotating,8297,3.51,N/A,14.7%,"43,463",966
875,Year-round,48933,3.8,10 IBU,14.6%,"38,097",258
876,Year-round,47317,0,N/A,19.42%,"43,774",643
877,Year-round,58609,3.7,N/A,12.5%,"33,629",296
878,Rotating,9755,0,N/A,11.14%,"5,723",633
879,Rotating,76781,4.04,19 IBU,12.83%,"14,948",214
880,Summer,9353,0,N/A,12.43%,"20,145",496
881,N/A,78,3.85,N/A,13.9%,"25,879",335
882,Year-round,19306,0,N/A,12.05%,"8,094",468
883,Rotating,24071,3.7,N/A,10.95%,"3,568","1,483"
884,Rotating,79898,0,N/A,7.62%,459,190
885,Year-round,40674,0,N/A,8.71%,863,579
886,Rotating,88889,3.98,N/A,10.42%,"3,481",260
887,Winter,65809,0,N/A,9.62%,"1,579",340
888,Winter,100421,0,N/A,8.87%,98,648
889,Rotating,41121,0,N/A,8.19%,87,930
890,Rotating,18199,4.03,N/A,11.08%,"1,599",955
891,Year-round,1566,2.74,N/A,14.99%,"34,774",919
892,Winter,46230,4.33,Bitterness: 40 IBU,8.54%,196,484
893,Year-round,1445,3.7,N/A,10.97%,"6,927","1,077"
894,Rotating,50509,0,N/A,8.86%,625,340
895,Rotating,49472,4.32,N/A,9.41%,847,557
896,Year-round,705,4.6,N/A,13.68%,909,874
897,Fall,18093,0,20 IBU,8.03%,371,389
898,Rotating,2678,3.78,N/A,11.69%,"11,832",834
899,Year-round,1157,3.9,N/A,11.75%,"35,782","1,133"
900,N/A,639,2.89,N/A,18.37%,"45,123","1,613"
901,Year-round,576,4.95,N/A,11.98%,"2,331","1,487"
902,Year-round,6,4,28 IBU,13.66%,"35,755","1,029"
903,Year-round,47731,0,25 IBU,10.71%,"6,870",755
904,Year-round,22343,3.08,19 IBU,14.53%,"40,669",597
905,Rotating,9900,0,N/A,11.08%,"18,621",535
906,Year-round,50082,0,25 IBU,9.49%,"2,148",308
907,Year-round,1169,3.74,N/A,10.93%,"24,415",455
908,Year-round,46504,4.05,N/A,14.05%,"31,352",313
909,Year-round,3968,3.18,N/A,12.13%,"30,163","1,387"
910,Year-round,311,4.01,42 IBU,13.26%,"38,818","1,276"
911,Year-round,1575,4.08,N/A,11.86%,"9,168",892
912,Year-round,147,3.77,N/A,12.4%,"38,173",990
913,Year-round,361,4,N/A,10.58%,"4,952","1,132"
914,Year-round,573,3.6,N/A,12.77%,"33,720",949
915,Spring,41716,0,78 IBU,9.93%,"3,461",383
916,Spring,298,3.38,60 IBU,14.41%,"41,912",493
917,Year-round,270,3.83,42 IBU,13.09%,"40,177",418
918,Year-round,80735,0,N/A,15.09%,"44,604",155
919,Year-round,693,3.29,N/A,16.36%,"45,459",527
920,Year-round,1798,2.25,N/A,20.38%,"45,686","1,149"
921,Year-round,5653,3.62,N/A,11.44%,"34,824",791
922,Year-round,811,2.94,N/A,16.77%,"44,989","1,078"
923,Year-round,222,4.25,N/A,12.24%,"6,874","1,084"
924,Year-round,637,3.51,N/A,16.52%,"43,825",941
925,Year-round,1193,3.63,N/A,13.26%,"38,788",984
926,Summer,32631,3.5,N/A,13.48%,"41,365",536
927,Year-round,575,4.1,N/A,12.4%,"10,028",891
928,Year-round,186,4.08,52 IBU,10.97%,"13,799",673
929,Year-round,159,4,N/A,11.86%,"30,135",597
930,Year-round,1374,0,N/A,11.89%,"31,371",460
931,Year-round,1439,3.85,N/A,13.22%,"38,066",384
932,Year-round,3824,3.65,N/A,17.17%,"45,057",610
933,Year-round,572,4.64,N/A,11.27%,"1,391","1,348"
934,Year-round,221,4.27,N/A,10.26%,"1,238","1,246"
935,Rotating,116648,0,N/A,7.91%,"1,417",466
936,Year-round,875,4.55,N/A,10.14%,"1,733",829
937,Year-round,1251,3.73,N/A,11.26%,"27,247",525
938,Year-round,1262,3.71,49 IBU,12.7%,"20,113",533
939,Year-round,55861,0,28 IBU,9%,"4,200",175
940,Year-round,86189,0,N/A,11.85%,"1,000",642
941,Winter,297,4.37,30 IBU,12.37%,"9,325",341
942,Year-round,75364,3.88,N/A,13.28%,"32,625",249
943,Year-round,18698,3.77,N/A,17.84%,"31,435",671
944,Rotating,199,3.97,50 IBU,14.32%,"12,607","1,188"
945,Year-round,560,4.15,N/A,9.73%,"2,175",706
946,Year-round,219,4.17,N/A,11.08%,"2,808","1,376"
947,Year-round,236,4.05,N/A,13.56%,"22,869","1,105"
948,Year-round,1543,4.2,N/A,12.63%,"28,835",715
949,Year-round,1119,3.19,28 IBU,14.37%,"44,346",877
950,Fall,13637,0,N/A,11.98%,"12,687",610
951,Winter,26542,0,N/A,12.36%,"37,278",574
952,Winter,15989,3.91,N/A,11.84%,"17,398",533
953,N/A,752,4.33,N/A,11.82%,"2,828",889
954,N/A,1115,3.68,N/A,11.76%,"7,459",910
955,Rotating,69792,0,N/A,20.16%,"34,685",310
956,Fall,54076,0,N/A,9.07%,"2,599",387
957,Year-round,3434,0,N/A,12.28%,"4,259","1,785"
958,Year-round,73,4.14,N/A,12.94%,"3,534","2,384"
959,Rotating,43687,0,N/A,17.39%,"7,323","1,474"
960,Rotating,128500,4.74,N/A,9.22%,392,715
961,Year-round,115076,0,N/A,11.33%,"1,584",357
962,Year-round,1879,4.42,N/A,12.5%,"6,872","1,268"
963,Winter,62984,3.94,N/A,10.33%,"4,942",636
964,Rotating,124424,3.75,N/A,11.8%,"27,244",389
965,Year-round,76440,0,N/A,11.29%,"15,958",435
966,Year-round,20216,0,N/A,12.76%,"12,658",780
967,Summer,25435,0,N/A,9.93%,"1,834",543
968,Year-round,54413,4.08,20 IBU,11.34%,"9,324",378
969,Fall,76086,4.72,55 IBU,10.93%,600,199
970,Winter,105725,0,N/A,14.02%,"30,134",271
971,Year-round,3960,4.18,N/A,12.11%,"9,388",474
972,Winter,6903,0,N/A,9.77%,"8,696",423
973,Year-round,2442,3.95,N/A,12.66%,"10,170",627
974,Year-round,97563,0,N/A,11.46%,"2,330",174
975,Year-round,571,4.24,N/A,11.16%,"1,053","2,312"
976,Year-round,56973,4.35,N/A,10.87%,"1,680","1,625"
977,Fall,45897,0,N/A,9.75%,"4,042",700
978,Year-round,615,4.53,N/A,11.36%,"3,005","1,003"
979,N/A,28877,0,N/A,10.24%,"2,205","1,017"
980,Rotating,46021,0,N/A,9.11%,666,402
981,Year-round,8322,4.05,N/A,10.94%,"6,374",760
982,Year-round,52128,3.5,N/A,11.64%,"19,951",709
983,Year-round,2354,0,N/A,13.19%,"37,322",563
984,Year-round,20539,3.91,N/A,10.53%,"4,431",754
985,Year-round,2704,4.12,N/A,10.81%,"2,736",639
986,Year-round,95930,0,N/A,8.44%,"3,488",192
987,Year-round,16079,0,N/A,10.39%,"11,892",129
988,Year-round,5045,0,N/A,11.75%,"13,897",556
989,Fall,5490,2.89,N/A,11.17%,"23,038",418
990,Rotating,24905,0,50 IBU,10.42%,"3,338","1,337"
991,Fall,1867,4.19,N/A,10.68%,"1,927","1,527"
992,Winter,1446,4,N/A,10.95%,"3,569","1,183"
993,Year-round,945,4.44,N/A,9.86%,771,"1,042"
994,Rotating,34313,0,N/A,8.79%,67,416
995,Winter,3295,0,N/A,10.65%,"11,740",816
996,Winter,14368,3.73,N/A,12.23%,"33,703",571
997,Winter,19426,4.32,N/A,10.74%,"1,290",683
998,Rotating,37113,0,N/A,7.71%,260,370
999,Rotating,18850,0,N/A,8.86%,673,452
1000,Year-round,926,4.17,N/A,11.11%,"5,392",589
1001,Year-round,412,4.38,N/A,10.23%,544,"3,769"
1002,Fall,34483,4.5,N/A,8.9%,280,"2,652"
1003,Winter,21822,0,75 IBU,8.49%,324,"1,914"
1004,Winter,680,4.09,N/A,10.36%,"1,551","2,838"
1005,Rotating,41815,0,N/A,7.59%,27,"1,290"
1006,Winter,1444,4.41,N/A,10.33%,737,"2,177"
1007,Year-round,12013,3.97,N/A,9.5%,"1,058","1,822"
1008,Rotating,86149,0,N/A,9.38%,"1,453",978
1009,Year-round,19216,4.27,N/A,9.62%,745,"1,678"
1010,Spring,7520,0,N/A,14.52%,694,"1,302"
1011,Rotating,45073,0,N/A,7.89%,505,943
1012,Fall,33127,4.5,N/A,8.93%,139,901
1013,Year-round,782,4.44,N/A,11.3%,"1,468","1,786"
1014,Winter,15813,3.97,N/A,8.57%,"1,142","1,236"
1015,Fall,60426,0,N/A,7.51%,80,453
1016,Summer,45973,0,80 IBU,8.92%,317,604
1017,Year-round,33644,4.15,N/A,9.22%,933,"1,042"
1018,Winter,40149,0,N/A,12.62%,"1,943",863
1019,Rotating,47695,0,N/A,8.37%,576,629
1020,Summer,1373,0,N/A,12.04%,"14,799",713
1021,Year-round,8023,3.56,N/A,9.44%,"1,838",881
1022,Rotating,88880,0,N/A,8.31%,450,289
1023,Rotating,27143,0,N/A,8.72%,353,428
1024,Rotating,189272,0,N/A,6.03%,148,343
1025,N/A,38334,0,N/A,9.15%,789,860
1026,Year-round,73427,0,N/A,9.78%,"2,400",384
1027,Spring,42349,0,N/A,8.67%,5,314
1028,Winter,34203,0,N/A,10.22%,"3,897",586
1029,Year-round,47360,0,N/A,13.68%,"17,316",806
1030,Year-round,19667,0,N/A,12.57%,"35,669",712
1031,Winter,35284,0,N/A,10.9%,"1,884",470
1032,Rotating,34484,0,N/A,9.03%,"1,135",507
1033,Year-round,356,3.09,N/A,12.41%,"3,476",821
1034,Rotating,52752,0,43 IBU,8.52%,193,196
1035,Rotating,51153,0,N/A,8.94%,377,225
1036,Fall,185,3.79,N/A,9.8%,"2,561",701
1037,Rotating,111538,0,40 IBU,8.47%,"1,896",199
1038,Rotating,67722,4,N/A,8.24%,876,236
1039,Rotating,31548,0,N/A,8.83%,"1,308",441
1040,Year-round,68680,0,N/A,12.4%,"10,184",212
1041,Rotating,33894,3.7,40 IBU,10.49%,"2,336",423
1042,Winter,1881,4.02,N/A,13.53%,"21,361","1,417"
1043,Winter,1576,4.07,N/A,12.91%,"5,546",896
1044,Fall,2178,4.37,N/A,11.96%,"6,362",935
1045,Winter,577,3.68,N/A,12.26%,"34,775","1,169"
1046,Winter,2081,4.24,N/A,13.95%,"9,996",736
1047,Winter,310,2.02,22 IBU,20%,"45,629",658
1048,Winter,62732,3.53,N/A,15.95%,"42,640",364
1049,Winter,3508,3.68,N/A,13.92%,"42,387",427
1050,Rotating,45086,0,6 IBU,14.43%,"9,265",605
1051,Year-round,1309,3.4,N/A,12.36%,"37,354",643
1052,Year-round,273,4.23,33 IBU,12.14%,"10,008",584
1053,Year-round,3128,0,25 IBU,12.96%,"41,645",423
1054,Summer,35720,4.22,8 IBU,17.21%,"35,787","1,369"
1055,Rotating,43889,0,N/A,10.89%,"3,242",433
1056,Rotating,43456,4.35,N/A,8.87%,"1,441",403
1057,N/A,36378,0,N/A,10.24%,"2,268",592
1058,Rotating,90585,0,N/A,11.79%,"8,092",141
1059,N/A,808,4.73,N/A,10.12%,823,"1,135"
1060,N/A,924,3.68,N/A,12.27%,"13,766",823
1061,Winter,45591,3.7,N/A,17.42%,"41,356",414
1062,N/A,2041,3.99,N/A,12.53%,"24,407",636
1063,N/A,135,4.02,N/A,10.27%,"2,450",595
1064,Rotating,81010,0,5 IBU,11.78%,"1,490",342
1065,Year-round,99790,0,N/A,11.69%,"11,713",273
1066,Year-round,132073,3.53,N/A,10.63%,"5,616",271
1067,Year-round,187317,0,N/A,14.09%,"32,666",417
1068,Rotating,121506,0,N/A,7.97%,300,137
1069,Spring,156202,3.77,N/A,8.86%,"5,725",204
1070,Year-round,95326,4.03,10 IBU,12.4%,"18,703",167
1071,N/A,10683,0,N/A,11.57%,"8,740",477
1072,N/A,731,4.85,N/A,9.98%,228,"2,572"
1073,N/A,1946,3.84,N/A,11.85%,"2,957","1,710"
1074,Year-round,48434,4.3,N/A,11.85%,"2,967","1,395"
1075,N/A,1256,3.96,N/A,11.36%,"2,977","1,396"
1076,N/A,132,4.13,N/A,9.11%,"1,402",937
1077,Year-round,17,3.51,N/A,16.87%,"45,098",805
1078,N/A,2434,3.2,N/A,13.84%,"41,969",807
1079,Year-round,18305,3.63,N/A,13.17%,"28,816",654
1080,N/A,3280,3.91,N/A,10.8%,"4,678",849
1081,N/A,772,4.25,N/A,10.73%,"2,244",764
1082,Year-round,1062,0,N/A,9.43%,386,471
1083,Year-round,2249,3.61,N/A,15.38%,"42,668",724
1084,Spring,37586,4.34,N/A,10.93%,"1,124",476
1085,N/A,3836,4.37,N/A,11.54%,"8,048",411
1086,Year-round,1552,3.56,N/A,17.02%,"45,228",487
1087,N/A,759,4.4,N/A,11.03%,"2,585",588
1088,Summer,1171,3.27,N/A,13.26%,"43,457",520
1089,Year-round,696,3.88,23 IBU,13.56%,"41,922",429
1090,N/A,2040,4.08,N/A,11.89%,"10,073",616
1091,Summer,307,0,28 IBU,13.6%,"42,144",382
1092,N/A,760,4.22,N/A,10.12%,"3,040",841
1093,Year-round,2958,3.5,N/A,19.54%,"46,023",468
1094,N/A,224,4.27,N/A,9.7%,418,"2,170"
1095,N/A,35625,4.08,N/A,8.88%,652,"1,232"
1096,Fall,1008,4.4,N/A,10.86%,"3,062",746
1097,N/A,37774,0,N/A,11%,"2,424",771
1098,N/A,754,3.01,N/A,19.66%,"41,462","2,306"
1099,N/A,650,3.93,N/A,15.01%,"27,242","1,411"
1100,N/A,703,4.19,N/A,14.4%,"24,320","1,032"
1101,Year-round,408,4,N/A,10.97%,"13,841",666
1102,Year-round,3338,4.43,N/A,9.33%,"1,375",692
1103,N/A,29602,0,N/A,14.74%,"43,703",843
1104,Year-round,38365,3,N/A,14.74%,"43,696","1,015"
1105,Winter,5096,3.5,N/A,11.35%,"18,633",512
1106,Fall,35036,0,N/A,10.11%,352,"1,923"
1107,Year-round,7463,0,50 IBU,10.62%,"2,937","1,969"
1108,Year-round,14712,4.02,N/A,10.97%,"3,763","1,694"
1109,Year-round,402,4.54,N/A,12.25%,"2,510","1,011"
1110,Fall,28039,4.34,N/A,11.17%,"3,417",609
1111,Winter,45765,0,N/A,12.85%,,541
1112,Rotating,94714,3.81,N/A,8.26%,358,230
1113,Rotating,47440,0,N/A,11.43%,"11,779",507
1114,Rotating,39258,4,N/A,15.45%,"14,892",373
1115,Winter,16400,4.15,N/A,9.13%,"1,555",475
1116,Rotating,846,4,N/A,14.17%,"25,857",638
1117,Year-round,118299,0,N/A,10.35%,"5,370",136
1118,Year-round,36,4.61,N/A,10.1%,"1,572",628
1119,Year-round,79,4.35,N/A,11.82%,"2,941",571
1120,Rotating,96677,0,N/A,7.28%,841,207
1121,Year-round,1159,3.53,24 IBU,10.82%,"9,160",998
1122,Year-round,1163,4.03,N/A,13.09%,"14,800",924
1123,Year-round,12719,3.58,N/A,14.97%,"25,849",593
1124,Year-round,740,4.36,N/A,11.31%,"8,564",493
1125,Winter,34069,3.28,N/A,13.41%,"40,589",481
1126,Year-round,245,4.04,N/A,13.07%,"24,414",725
1127,Year-round,65,0,N/A,33.9%,"46,410","1,731"
1128,Year-round,1331,3.65,N/A,25.26%,"46,146","1,774"
1129,N/A,232,1.89,N/A,31.62%,"46,413","1,275"
1130,Year-round,580,3.53,N/A,28.62%,"46,324","1,171"
1131,N/A,689,3.39,N/A,20.88%,"46,101",989
1132,Year-round,1276,3.05,N/A,28.57%,"46,363",745
1133,Year-round,567,2.86,N/A,27.03%,"46,362",863
1134,N/A,1907,2.65,N/A,22.99%,"46,290",623
1135,Year-round,2280,2.19,N/A,30.84%,"46,418",668
1136,N/A,1321,3.4,N/A,22.7%,"46,234",613
1137,Year-round,1371,2.6,N/A,24.06%,"46,334",669
1138,N/A,918,2.45,N/A,25.3%,"46,381",661
1139,N/A,848,2.8,N/A,26.09%,"46,380",590
1140,N/A,2755,2.28,N/A,24.07%,"46,314",551
1141,Year-round,34804,0,N/A,26.34%,"46,346",500
1142,Year-round,1312,3.31,N/A,23.76%,"46,232",533
1143,Year-round,670,1.65,N/A,36.63%,"46,438",470
1144,Year-round,653,2.7,N/A,43.26%,"46,452",358
1145,N/A,2803,2.43,N/A,27.24%,"46,392",408
1146,Year-round,1053,3.45,N/A,22.04%,"45,992",510
1147,Year-round,7406,3.9,12 IBU,16.72%,"44,889",411
1148,Year-round,1299,2.59,N/A,35.29%,"46,435",383
1149,Year-round,1642,1.6,N/A,38.71%,"46,444",286
1150,N/A,2176,2.79,N/A,22.3%,"46,311",400
1151,Year-round,1351,3.49,N/A,17.6%,"44,389","1,741"
1152,Year-round,148,3.51,N/A,12.63%,"28,843","1,259"
1153,Year-round,909,3.29,N/A,19.74%,"46,009",845
1154,Year-round,2318,3.21,28 IBU,13.56%,"41,961",513
1155,Year-round,832,3.12,N/A,16.99%,"45,836",679
1156,Year-round,87749,3.2,N/A,18.67%,"46,046",201
1157,Year-round,88582,3.07,N/A,25.27%,"46,284",209
1158,Rotating,60078,0,N/A,12.03%,"4,372",553
1159,Year-round,99033,4.5,IBUs 100 IBU,8.02%,912,205
1160,Rotating,75414,0,N/A,8.82%,558,206
1161,Winter,43738,4.05,N/A,12.08%,"8,660",456
1162,Rotating,16471,0,N/A,12.3%,"25,877",592
1163,Rotating,51557,0,N/A,9.11%,727,159
1164,Year-round,810,3,N/A,31.87%,"46,383",355
1165,Year-round,718,3.66,N/A,37.66%,"46,402",582
1166,Year-round,3350,1.73,N/A,41.35%,"46,432",325
1167,Year-round,5328,3.53,18 IBU,15.09%,"44,681",720
1168,Year-round,71820,4.23,65 IBU,8.49%,878,398
1169,N/A,10071,0,N/A,19.93%,"46,198",653
1170,N/A,1249,1.73,N/A,22.76%,"46,323",613
1171,Year-round,88429,0,N/A,11.53%,"27,246",315
1172,Year-round,79373,3.88,N/A,13.89%,"39,726",246
1173,Year-round,90090,4,N/A,11.38%,"32,601",248
1174,Year-round,23713,4.03,N/A,14.29%,"37,268",489
1175,N/A,130301,3.06,N/A,18.27%,"45,500",213
1176,Rotating,6228,4.38,N/A,14.05%,"31,370",315
1177,Year-round,7313,3,N/A,26.32%,"46,327",375
1178,Year-round,63,4.23,N/A,12.73%,"11,560","2,072"
1179,Year-round,1320,1.66,N/A,38.17%,"46,449","1,476"
1180,Year-round,837,1.77,N/A,36.45%,"46,439","1,320"
1181,Year-round,332,2.45,N/A,34.7%,"46,427","1,221"
1182,Year-round,41821,2.54,N/A,36.41%,"46,429",560
1183,Year-round,3734,1.34,N/A,39.15%,"46,445",628
1184,Year-round,1503,3.63,N/A,18.4%,"45,418",845
1185,Year-round,1524,1.36,N/A,46.47%,"46,454",555
1186,Year-round,1341,2.07,N/A,39.78%,"46,451",502
1187,N/A,233,1.21,N/A,37.76%,"46,441",407
1188,Year-round,76899,2.54,N/A,34.68%,"46,421",351
1189,Year-round,1390,1.59,N/A,39.46%,"46,447",409
1190,N/A,436,1.81,N/A,27.16%,"46,398",502
1191,Year-round,20732,1.74,N/A,30.88%,"46,436",410
1192,Year-round,3347,0,N/A,22.18%,"46,207",260
1193,Summer,3558,3.95,N/A,12.81%,"34,833","1,614"
1194,N/A,429,3.4,N/A,16.16%,"40,318","1,515"
1195,Year-round,48139,3.7,N/A,12.53%,"40,306",913
1196,Year-round,19589,3.7,N/A,12.33%,"36,575",762
1197,N/A,6715,3.49,N/A,15.36%,"40,649",822
1198,Year-round,98220,0,N/A,11.11%,"20,037",272
1199,Year-round,933,0,N/A,12.75%,"42,192",428
1200,Year-round,33245,0,N/A,12.4%,"38,058",416
1201,Year-round,1914,0,N/A,12.04%,"14,687","1,396"
1202,N/A,57285,3.08,N/A,19.43%,"45,796",447
1203,N/A,449,3.13,N/A,20.06%,"45,935","1,525"
1204,N/A,246,2.93,N/A,25.74%,"46,309","1,420"
1205,N/A,862,3.5,N/A,17.03%,"45,535",751
1206,N/A,1790,2.87,N/A,22.66%,"46,260",712
1207,N/A,1426,3.19,N/A,18.33%,"45,874",676
1208,N/A,767,3.7,N/A,23.55%,"46,271",611
1209,N/A,2270,3,N/A,19.87%,"46,026",524
1210,N/A,3970,3.9,N/A,19.38%,"45,627",515
1211,N/A,867,3.25,N/A,18.97%,"46,158",486
1212,N/A,976,3.74,N/A,19.41%,"45,987",478
1213,Year-round,778,4.17,N/A,12.83%,"14,949",588
1214,Winter,101,3.73,N/A,13.37%,"40,332","2,013"
1215,Year-round,1352,2.73,N/A,19.44%,"45,692","1,113"
1216,Rotating,14309,3.1,N/A,16.25%,"38,206","1,217"
1217,Year-round,1252,3.33,N/A,21.88%,"46,181",690
1218,N/A,131,4.69,N/A,9.91%,384,"2,460"
1219,Year-round,4109,4.2,N/A,11.68%,"5,925","1,156"
1220,N/A,99,3.81,N/A,12.08%,"8,472","1,348"
1221,N/A,387,0,N/A,11.73%,"6,871","1,394"
1222,N/A,779,4.05,N/A,9.05%,"1,160","1,261"
1223,N/A,776,4.5,N/A,16.17%,"3,601","1,120"
1224,Winter,47785,4.14,N/A,13.01%,"6,930","1,111"
1225,Winter,2732,4.2,N/A,11.49%,"13,779",689
1226,N/A,2899,0,N/A,9.81%,709,489
1227,Rotating,39129,3.76,N/A,14.25%,"28,775",444
1228,N/A,871,3.83,N/A,13.5%,"38,019",468
1229,Year-round,228,4.45,N/A,11.33%,"2,796","1,120"
1230,Year-round,50443,0,35 IBU,12.36%,"37,267",193
1231,N/A,133,4.08,N/A,10.63%,"5,752",536
1232,N/A,1934,4.44,N/A,11.06%,828,"1,177"
1233,Rotating,11784,4.62,N/A,10.96%,320,462
1234,N/A,11582,4.24,N/A,9.71%,"2,058",620
1235,Year-round,1010,4.1,44 IBU,11.94%,"3,535","2,127"
1236,Rotating,54904,3.83,N/A,14.67%,"24,311","1,524"
1237,N/A,2435,2.62,N/A,23.83%,"46,267",721
1238,N/A,935,3.72,N/A,15.12%,"43,953",900
1239,Rotating,83473,0,N/A,10.66%,"5,984",327
1240,Year-round,409,4.09,N/A,12.2%,"21,423",722
1241,N/A,1641,0,N/A,16.18%,"43,670",836
1242,Year-round,62989,4.42,N/A,11.7%,"6,431",458
1243,Summer,4108,0,N/A,12.03%,"25,850",623
1244,Year-round,144200,0,N/A,10.26%,"17,311",358
1245,N/A,1283,3.91,N/A,16.91%,"44,711",452
1246,Year-round,24651,4.3,N/A,14.48%,"35,632",387
1247,N/A,700,3.04,N/A,22.22%,"46,171",424
1248,N/A,799,3.92,N/A,14.17%,"39,686",442
1249,Year-round,788,3.83,N/A,12.05%,"36,477",497
1250,Year-round,355,4.3,N/A,12.44%,"5,872","2,457"
1251,Year-round,1565,0,25 IBU,16.06%,"41,679",462
1252,Fall,102,3.54,N/A,13.9%,"34,868","2,195"
1253,N/A,1361,4.02,N/A,10.72%,"3,824","1,123"
1254,N/A,582,3.8,N/A,13.81%,"38,801","1,169"
1255,N/A,386,3.93,N/A,11.63%,"9,942","1,135"
1256,Fall,13896,4.75,N/A,12.1%,"3,018",644
1257,Fall,1017,3.68,N/A,12.81%,"34,769",805
1258,N/A,234,4.28,N/A,11.39%,"5,614",834
1259,Fall,5757,0,N/A,16.3%,"45,673",509
1260,Fall,570,3.38,N/A,12.12%,"38,136",788
1261,N/A,6861,0,N/A,12.57%,"25,851",656
1262,N/A,2011,0,N/A,15.47%,"43,080",593
1263,Fall,32410,4.27,N/A,12.73%,"21,487",457
1264,Fall,313,4.05,30 IBU,11.72%,"34,684",498
1265,Fall,60642,3.61,N/A,15.48%,"44,801",312
1266,Fall,32695,0,N/A,12.12%,"38,052",507
1267,Fall,6075,4.18,N/A,10.38%,"5,726",342
1268,Summer,51631,3.88,N/A,11.23%,"25,878",460
1269,Fall,19651,3.52,N/A,12.92%,"41,286",544
1270,N/A,1611,3.4,N/A,14.29%,"42,868",643
1271,N/A,8116,3.8,N/A,11.94%,"21,479",366
1272,N/A,134,3.88,N/A,9.85%,"5,362",601
1273,N/A,712,4.51,N/A,11.98%,"2,369",925
1274,N/A,3062,4.05,N/A,13.16%,"17,307",512
1275,Year-round,57471,4.3,N/A,12.27%,"13,798",320
1276,N/A,1944,4.12,N/A,14.09%,"32,629",616
1277,Year-round,44531,0,N/A,10.99%,"14,924",341
1278,N/A,388,3.74,N/A,12.06%,"27,253",472
1279,N/A,727,4.35,N/A,14.78%,"2,830","1,151"
1280,N/A,1324,4.15,N/A,12.56%,"1,764",725
1281,Year-round,71501,0,25 IBU,10.43%,"6,583",188
1282,Year-round,21300,3.68,N/A,12.97%,"31,433","1,465"
1283,N/A,1774,4.22,N/A,12.02%,"7,420",859
1284,Year-round,32575,0,N/A,14.83%,"43,919",535
1285,N/A,1314,3.61,N/A,15.8%,"43,261",605
1286,Year-round,73965,3.88,32 IBU,10.61%,"21,480",245
1287,Rotating,321,4.3,N/A,13.14%,"27,251",574
1288,Year-round,104,4,N/A,13.9%,"25,836","2,734"
1289,N/A,667,3.59,N/A,15.87%,"44,997","1,018"
1290,Year-round,229,4.5,N/A,11.3%,"2,619","1,044"
1291,N/A,171,3.53,N/A,18.27%,"45,864",768
1292,Year-round,5,3.98,17 IBU,16.18%,"43,662",553
1293,N/A,2779,2.28,N/A,22.71%,"46,289",542
1294,Year-round,299,3.25,20 IBU,18.29%,"44,600","1,718"
1295,Year-round,108,3,N/A,23.73%,"45,765","1,179"
1296,Year-round,1585,4.59,N/A,10.3%,314,957
1297,Summer,36010,0,N/A,23.34%,"45,738",658
1298,Year-round,1577,4.22,N/A,10.27%,290,"1,025"
1299,Year-round,23474,0,N/A,12.37%,"9,154",783
1300,Year-round,7,3.92,13 IBU,19.82%,"45,332",825
1301,Year-round,5488,0,N/A,18.36%,"42,008",920
1302,Rotating,86172,0,N/A,9.43%,373,311
1303,Year-round,4202,3.5,N/A,19.7%,"44,928",765
1304,Rotating,25852,0,N/A,10.5%,"1,244",622
1305,Spring,3523,3.23,N/A,15%,"39,818","1,021"
1306,Fall,44932,0,N/A,12.96%,"19,975",636
1307,Year-round,26049,1.63,N/A,42.11%,"46,414",634
1308,Rotating,20014,3.84,N/A,10.41%,"1,854",464
1309,Rotating,32437,0,25 IBU,15.49%,"33,704",530
1310,Summer,81388,3.51,N/A,18.18%,"45,197",254
1311,Rotating,96814,3.58,N/A,17.5%,"39,768",296
1312,Summer,48911,0,N/A,14.09%,"38,739",605
1313,Rotating,96831,0,N/A,8.82%,560,175
1314,Winter,1903,2.7,N/A,28.09%,"46,325",841
1315,Rotating,23505,0,13 IBU,18.73%,"43,450",416
1316,Year-round,2967,0,N/A,27.92%,"46,219",381
1317,Rotating,70602,3.65,N/A,21.75%,"45,924",296
1318,Rotating,21466,3.94,N/A,17.69%,"27,249",569
1319,Summer,67274,0,N/A,22.33%,"45,691",282
1320,Year-round,18021,0,N/A,16.44%,"36,502",354
1321,Year-round,1971,0,N/A,18.05%,"44,615",299
1322,Rotating,25649,0,N/A,17.78%,"44,033",481
1323,Year-round,62866,4.05,N/A,10.17%,"3,505",202
1324,N/A,38795,0,N/A,15.45%,"14,950",414
1325,Year-round,87280,0,N/A,30.77%,"46,283",180
1326,Year-round,67238,0,N/A,28.37%,"46,222",166
1327,Year-round,1587,3.72,12 IBU,14.75%,"27,241","1,675"
1328,Year-round,86621,0,N/A,18.2%,"3,822",589
1329,Winter,86626,0,N/A,15.99%,"32,653",289
1330,Rotating,24259,0,10 IBU,13.76%,"20,057",570
1331,Winter,702,3.12,N/A,13.57%,"39,204",678
1332,Rotating,1876,3.81,N/A,16.72%,"44,306",429
1333,Rotating,40702,3.38,N/A,15.25%,"44,284",264
1334,Year-round,90,4.03,N/A,11.25%,"4,030","1,816"
1335,Rotating,36707,3.58,N/A,13.49%,"20,085",326
1336,Winter,7697,0,N/A,9.44%,"7,058",445
