,ba_score,feel,look,overall,rDev,smell,taste,user_id
0,3.64,4,3.75,4.25,-10.6%,4,3,1162554
1,4.73,4.5,4.75,4.75,+16.2%,4.75,4.75,799033
2,3.77,3.75,4,3.75,-7.4%,3.75,3.75,1208534
3,3.53,3.5,4,3.5,-13.3%,3.5,3.5,976628
4,4.03,4,4,4.25,-1%,3.5,4.25,1231842
5,3.75,3.75,3.75,3.75,-7.9%,3.75,3.75,717984
6,4.01,4.25,4.75,4,-1.5%,3.75,4,828019
7,4.16,4,4,4,+2.2%,4.25,4.25,1216064
8,4.09,4.25,4,4,+0.5%,4.25,4,626108
9,3.77,3.75,4,3.75,-7.4%,3.75,3.75,833893
10,3.8,4.25,4.25,3.5,-6.6%,4.25,3.5,833856
11,3.3,3.25,3,3.25,-18.9%,3.5,3.25,1136538
12,4.08,4.25,4.25,4,+0.2%,3.75,4.25,1056652
13,4.02,4,4.25,4,-1.2%,4,4,1211693
14,2.95,3,3.75,3,-27.5%,3,2.75,1199365
15,3.87,4,3.75,4,-4.9%,3.5,4,688307
16,3.93,4,3.75,4,-3.4%,3.75,4,152599
17,3.54,3.25,3.5,3.5,-13%,3.75,3.5,1220307
18,4.25,4.25,4.25,4.25,+4.4%,4.25,4.25,1215415
19,3.97,4,4.5,4,-2.5%,3.75,4,502333
20,4.12,4,4.25,4,+1.2%,4,4.25,764450
21,4.12,4.25,4,4.25,+1.2%,3.75,4.25,828964
22,3.88,3.75,4.25,3.75,-4.7%,3.75,4,1191860
23,3.04,3.25,3.25,3,-25.3%,3,3,1182030
24,2,2,2,2,-50.9%,2,2,1208445
25,4.08,4,4.25,4,+0.2%,4.25,4,346863
26,2.53,2.5,3,2.5,-37.8%,2.5,2.5,1208449
27,4.09,4,3.75,4,+0.5%,4,4.25,1219243
28,4.04,4,4,4,-0.7%,3.75,4.25,1219135
29,4.02,4,4.25,4,-1.2%,4,4,366349
30,3.73,3.5,3.75,3.75,-8.4%,3.75,3.75,1164234
31,4.11,4.25,3.75,4,+1%,4,4.25,910390
32,4.57,4.5,3.5,4.75,+12.3%,4,5,728904
33,3.48,3.25,3.5,3.5,-14.5%,3.5,3.5,297687
34,4.15,4,4,4.25,+2%,4,4.25,1214503
35,4,4,4,4,-1.7%,4,4,663013
36,3.22,4,4.25,3,-20.9%,4,2.5,685878
37,3.66,3.75,3.75,3.5,-10.1%,4,3.5,828469
38,4.25,4.25,4.25,4.25,+4.4%,4.25,4.25,705091
39,4.63,4.75,4.5,4.5,+13.8%,4.5,4.75,1113636
40,4.19,4.25,4.25,4.25,+2.9%,4,4.25,791002
41,4.16,4.5,4,4.25,+2.2%,4.25,4,1201115
42,4.07,4.25,4,4,0%,3.75,4.25,524620
43,4.1,4,4,4,+0.7%,4,4.25,581508
44,3.95,4,3.75,4,-2.9%,4.25,3.75,1184297
45,4.29,4.25,4.25,4.25,+5.4%,4,4.5,885630
46,3,3,3,3,-26.3%,3,3,731710
47,4.15,4.25,4.25,4.25,+2%,4.25,4,947134
48,4.08,4,4.25,4,+0.2%,4.25,4,977888
49,4.21,4,4,4.25,+3.4%,4.25,4.25,1206756
50,3.84,3.75,3.75,4,-5.7%,3.5,4,1180220
51,4,4,4,4,-1.7%,4,4,159910
52,4.16,4,4,4,+2.2%,4.25,4.25,751708
53,4,4,4,4,-1.7%,4,4,820845
54,4.09,4.25,4.25,4.25,+0.5%,4,4,1190395
55,4.24,4.25,4,4.25,+4.2%,4.25,4.25,764778
56,4,4.25,4,3.75,-1.7%,4.5,3.75,677277
57,4.16,4,4,4,+2.2%,4.25,4.25,838089
58,4,4,4,4,-1.7%,4,4,838179
59,3.75,3.75,3.75,3.75,-7.9%,3.75,3.75,1202198
60,4.1,4,4,4,+0.7%,4,4.25,827859
61,3.9,3.75,4.25,3.75,-4.2%,4.25,3.75,589407
62,3.87,4,4,3.75,-4.9%,3.25,4.25,725538
63,3.94,4,4,4,-3.2%,3.75,4,911019
64,3.78,4,4.25,4,-7.1%,4.25,3.25,697072
65,3.98,3.75,4,4,-2.2%,4,4,1101859
66,3.68,3.75,3.5,3.75,-9.6%,3.5,3.75,654191
67,3.77,3.75,4,3.75,-7.4%,3.75,3.75,752565
68,4.36,4.25,4,4.25,+7.1%,4.75,4.25,670260
69,3.75,3.75,3.75,3.75,-7.9%,3.75,3.75,227228
70,3.67,3.75,4,3.75,-9.8%,3.75,3.5,932174
71,3.93,4.25,4,4,-3.4%,4,3.75,164786
72,4.09,4,4,4.25,+0.5%,3.75,4.25,870321
73,4,4,4,4,-1.7%,4,4,541312
74,4.21,4,4,4.25,+3.4%,4.25,4.25,659775
75,4.09,4.25,4,4,+0.5%,4.25,4,1183319
76,4.25,4.25,4.25,4.25,+4.4%,4.25,4.25,746144
77,4.62,4.5,4.5,4.5,+13.5%,5,4.5,836072
78,3.75,3.75,3.75,3.75,-7.9%,3.75,3.75,643956
79,3.37,3.25,3.5,3.25,-17.2%,3.25,3.5,1199012
80,3.32,3.25,3.5,3.5,-18.4%,3.25,3.25,1199434
81,4.36,4.75,4,4.5,+7.1%,3.5,4.75,553862
82,4,4,4,4,-1.7%,4,4,786512
83,2.49,1.75,2,2.75,-38.8%,2.25,2.75,1072558
84,4.35,4.25,4.25,4.25,+6.9%,4.25,4.5,1061046
85,3.85,3.75,3.75,3.75,-5.4%,3.75,4,1095082
86,4.28,4.5,4.25,4.25,+5.2%,4.25,4.25,1196095
87,3.92,3.5,3.5,4,-3.7%,4,4,237852
88,4.66,4.5,4.5,4.5,+14.5%,4.75,4.75,820103
89,3.63,3.75,3.5,3.5,-10.8%,3.5,3.75,726784
90,3.19,3.5,4,3,-21.6%,3.75,2.75,799578
91,4.29,4,4.25,4.25,+5.4%,4.5,4.25,489156
92,4.28,4,4.25,4,+5.2%,4.25,4.5,617271
93,4.43,4.25,4.75,4.5,+8.8%,4.25,4.5,1185052
94,3.99,4,3.75,4,-2%,4,4,813467
95,4.61,4.5,4.5,4.75,+13.3%,4.75,4.5,795975
96,3.5,3.5,3.5,3.5,-14%,3.5,3.5,291038
97,4.18,4.25,4,4.25,+2.7%,4,4.25,867520
98,4.2,4.5,4,4.25,+3.2%,4,4.25,679489
99,4.31,4,4,4.25,+5.9%,4.25,4.5,790043
100,3.77,3.75,4,3.75,-7.4%,3.75,3.75,163304
101,4,4,4,4,-1.7%,4,4,969975
102,4.23,4,4.25,4.25,+3.9%,4.25,4.25,542573
103,4.36,4,4.5,4.25,+7.1%,4.75,4.25,1026657
104,4.14,4,3.75,4.25,+1.7%,4,4.25,134436
105,3.25,3.25,3.25,3.25,-20.1%,3.25,3.25,712881
106,4.16,4,4,4,+2.2%,4.25,4.25,706831
107,3.5,3.5,3.5,3.5,-14%,3.5,3.5,1157630
108,3.77,3.5,4.5,3.75,-7.4%,3.75,3.75,817832
109,4.75,4.75,4.75,4.75,+16.7%,4.75,4.75,971932
110,3.94,4,4,4,-3.2%,3.75,4,500460
111,4.01,4.25,3.75,4,-1.5%,4,4,706720
112,4.55,4.5,4.5,4.75,+11.8%,4.5,4.5,1072470
113,4.1,4.5,4,4.25,+0.7%,4,4,1189715
114,3.77,4,4,3.75,-7.4%,3.25,4,59002
115,3.81,3.75,3.75,3.75,-6.4%,4,3.75,1080390
116,4.2,3.75,4.25,4.25,+3.2%,4.25,4.25,1189072
117,3.99,4,3.75,4,-2%,4,4,971534
118,4.46,4.25,4.25,4.5,+9.6%,4.5,4.5,301376
119,4.85,4.75,4.75,4.75,+19.2%,4.75,5,254340
120,4.1,4.25,4.25,4,+0.7%,4.25,4,791224
121,4.27,4.25,4.5,4.25,+4.9%,4.25,4.25,952043
122,3.75,3.75,3.75,3.75,-7.9%,3.75,3.75,1056823
123,4,4,4,4,-1.7%,4,4,1170841
124,4.2,4.5,4,4.25,+3.2%,4,4.25,1081843
125,4.25,4.25,4.25,4.25,+4.4%,4.25,4.25,205895
126,4.04,4.25,4.25,4,-0.7%,4,4,819632
127,4.15,4.5,4,4,+2%,4,4.25,940400
128,4,4,4,4,-1.7%,4,4,356177
129,3.89,4,4,3.75,-4.4%,3.75,4,794447
130,3.18,3,3.25,3,-21.9%,3.25,3.25,679381
131,4.18,4,4.25,4,+2.7%,4.25,4.25,784165
132,4.19,4.25,4.25,4.25,+2.9%,4,4.25,305814
133,4.43,4.5,4.25,4.5,+8.8%,4.25,4.5,796265
134,3.31,3,3,3.25,-18.7%,3.25,3.5,1092857
135,4.03,4.25,4,4,-1%,4,4,1082645
136,4,4,4,4,-1.7%,4,4,589146
137,3.82,3.75,4,4,-6.1%,3.75,3.75,168458
138,4.12,4,4.25,4,+1.2%,4,4.25,782328
139,3.5,3.5,3.5,3.5,-14%,3.5,3.5,1000403
140,3.77,3.75,4,3.75,-7.4%,3.75,3.75,324692
141,4.09,4,3.75,4,+0.5%,4,4.25,450794
142,3.75,3.75,3.75,3.75,-7.9%,3.75,3.75,401595
143,4.07,4,3.5,4,0%,4,4.25,1032808
144,3.85,3.75,3.75,3.75,-5.4%,3.75,4,1098533
145,4.1,4,4,4,+0.7%,4,4.25,593381
146,3.42,3.25,4.5,3.5,-16%,3,3.5,1126442
147,4.22,4.25,4,4.25,+3.7%,3.75,4.5,828651
148,4.06,4,4,4,-0.2%,4.25,4,640588
149,4,4,4,4,-1.7%,4,4,527236
150,4,4,4,4,-1.7%,4,4,780981
151,3.7,3.25,4.25,3.5,-9.1%,4.25,3.5,211743
152,5,5,5,5,+22.9%,5,5,928547
153,3.96,3.75,3.75,4,-2.7%,4,4,798054
154,3.75,3.75,3.75,3.75,-7.9%,3.75,3.75,831854
155,3.73,3.5,3.75,3.75,-8.4%,3.75,3.75,1017808
156,3.61,3.5,3,3.5,-11.3%,4.5,3.25,441811
157,4,4,4,4,-1.7%,4,4,657597
158,4.29,4.5,4,4.5,+5.4%,3.75,4.5,624576
159,3.9,3.75,3.5,3.75,-4.2%,4,4,782638
160,4,4,4,4,-1.7%,4,4,456904
161,4.26,4,4,4,+4.7%,4.25,4.5,562652
162,4.21,4,4,4.25,+3.4%,4.25,4.25,893522
163,3.85,3.75,3.75,3.75,-5.4%,3.75,4,142948
164,2.78,2.75,3.25,2.75,-31.7%,2.75,2.75,591479
165,3.5,3.5,3.5,3.5,-14%,3.5,3.5,179213
166,3.94,3.75,4,4,-3.2%,4.25,3.75,820528
167,3.99,3.75,4.25,4,-2%,4,4,168510
168,3.44,3.5,3.5,3.5,-15.5%,3.25,3.5,433231
169,4.09,4,3.75,4,+0.5%,4,4.25,1133465
170,4.26,4.25,3.5,4,+4.7%,4.25,4.5,820239
171,4,4,4,4,-1.7%,4,4,82886
172,4.25,4.25,4.25,4.25,+4.4%,4.25,4.25,733520
173,3.48,3.75,3.75,3.5,-14.5%,3.25,3.5,1101155
174,3,3,3,3,-26.3%,3,3,774288
175,4,4,4,4,-1.7%,4,4,647544
176,4.35,4.25,4.25,4.25,+6.9%,4.25,4.5,1170313
177,3.85,4,4,3.75,-5.4%,4,3.75,289047
178,3.6,3.5,3.5,3.5,-11.5%,3.5,3.75,429844
179,3.19,4,3.5,3.5,-21.6%,2,3.5,1005509
180,3.39,3.25,3.5,3.25,-16.7%,3.75,3.25,101363
181,4.15,4.25,4.25,4.25,+2%,4.25,4,756581
182,3.81,3.75,4,3.75,-6.4%,3.5,4,226326
183,4,4,4,4,-1.7%,4,4,947934
184,4,4,4,4,-1.7%,4,4,950847
185,4.5,4.5,4.5,4.5,+10.6%,4.5,4.5,617214
186,4.44,4.25,4,4.25,+9.1%,4.25,4.75,918977
187,3.83,4,4,3.75,-5.9%,3.5,4,779415
188,3.91,4,3.5,4,-3.9%,3.75,4,186652
189,3.93,4,3.75,4,-3.4%,3.75,4,164758
190,3.91,3.75,4.5,4,-3.9%,4,3.75,695501
191,4.27,4,4,4.25,+4.9%,4.5,4.25,606755
192,4.09,4,3.75,4,+0.5%,4,4.25,776201
193,4.16,5,5,4,+2.2%,4,4,709698
194,4.25,4.25,4.25,4.25,+4.4%,4.25,4.25,730683
195,3.97,3.5,4,4,-2.5%,4.5,3.75,990650
196,4,4,4,4,-1.7%,4,4,818588
197,3.93,3.75,4.25,4,-3.4%,3.75,4,620428
198,4.12,4,4,4,+1.2%,4.5,4,591341
199,4.4,4.5,4.5,4.5,+8.1%,4.5,4.25,962334
200,3.5,3.5,3.5,3.5,-14%,3.5,3.5,938727
201,4.27,4,4,4.25,+4.9%,4.5,4.25,871686
202,4.18,4.25,4,4.25,+2.7%,4,4.25,640220
203,3.8,3.5,3.75,3.5,-6.6%,4.25,3.75,720103
204,3.83,3.5,3.5,3.75,-5.9%,4.25,3.75,1165496
205,4.08,4,4.25,4,+0.2%,4.25,4,1032603
206,3.91,4,2.5,4,-3.9%,4,4,1155460
207,4.62,5,4.5,4.75,+13.5%,3.75,5,793961
208,4,4,4,4,-1.7%,4,4,529070
209,4,4,4,4,-1.7%,4,4,804757
210,5,5,5,5,+22.9%,5,5,930997
211,2.68,3,2.5,2.25,-34.2%,3.25,2.5,1124906
212,4,4,3.25,4,-1.7%,3.75,4.25,488642
213,3.86,3.5,3.5,4,-5.2%,3.75,4,1091595
214,4.25,4.25,4.25,4.25,+4.4%,4.25,4.25,791668
215,2.65,2.5,2.25,2.5,-34.9%,2.75,2.75,724392
216,3.24,3.25,3.75,3.25,-20.4%,3.5,3,1163568
217,4.21,4,4,4.25,+3.4%,4.25,4.25,732488
218,3.75,3.75,3.75,3.75,-7.9%,3.75,3.75,494299
219,4.15,4,3.75,4,+2%,4.25,4.25,63854
220,4,4,4,4,-1.7%,4,4,699454
221,3.68,3.75,3.5,3.75,-9.6%,3.5,3.75,1002275
222,3.25,3.25,3.25,3.25,-20.1%,3.25,3.25,688854
223,2.96,2.75,2.75,3,-27.3%,3,3,869283
224,3,3,3,3,-26.3%,3,3,1159400
225,4.1,4.5,4,4.25,+0.7%,4,4,1107073
226,4.18,4,4.5,4.25,+2.7%,4,4.25,1142630
227,3.99,4,3.75,4,-2%,4,4,932046
228,3.99,4.5,4,4,-2%,3.75,4,924838
229,3.62,3.5,3.5,3.5,-11.1%,4,3.5,732548
230,4.31,4.25,4.25,4.25,+5.9%,4.5,4.25,1060743
231,4.24,4,3.75,4.25,+4.2%,4,4.5,770598
232,3.91,3.5,3.75,3.75,-3.9%,4.5,3.75,60686
233,4.09,4,3.75,4,+0.5%,4,4.25,1066881
234,3.75,3.75,3.75,3.75,-7.9%,3.75,3.75,386360
235,4.21,3.75,4.25,4,+3.4%,4.5,4.25,929395
236,4.15,4.5,4.25,3.5,+2%,4.75,4,1003480
237,4.14,4,4,4.5,+1.7%,3.75,4.25,865596
238,3.95,3.5,4,4,-2.9%,4,4,299717
239,4.3,4.25,4,4.25,+5.7%,4.5,4.25,722313
240,3.75,3.75,3.75,3.75,-7.9%,3.75,3.75,777927
241,4.13,4.25,4,4,+1.5%,4,4.25,979834
242,4,4,4,4,-1.7%,4,4,691982
243,4.12,4,4.25,4,+1.2%,4,4.25,382235
244,3.98,3.75,4,4,-2.2%,4,4,334195
245,4.27,4.25,4.5,4.25,+4.9%,4.25,4.25,233496
246,4.09,4,4.75,4,+0.5%,3.75,4.25,19986
247,4.2,5,5,1,+3.2%,5,5,311156
248,4.21,4,4,4.25,+3.4%,4.25,4.25,907599
249,4.1,4,4,4,+0.7%,4,4.25,490431
250,4,4,4,4,-1.7%,4,4,856533
251,3,3,3,3,-26.3%,3,3,48993
252,4.05,4,3.75,4,-0.5%,4.25,4,711755
253,4.18,4.25,4,4.25,+2.7%,4,4.25,860225
254,4.35,4.25,4.25,4.25,+6.9%,4.25,4.5,1107260
255,4.21,4,4,4.25,+3.4%,4.25,4.25,538155
256,4.16,4,4,4,+2.2%,4.25,4.25,1009901
257,3.65,3.5,3.75,3.75,-10.3%,3,4,1131904
258,4,4,4,4,-1.7%,4,4,741013
259,3.77,3.75,3.75,3.75,-7.4%,4.25,3.5,683246
260,3.99,4,3.75,4,-2%,4,4,763332
261,4.21,4,4,4.25,+3.4%,4.25,4.25,824776
262,4,4,4,4,-1.7%,4,4,673072
263,3.7,3.75,3.5,3.75,-9.1%,4,3.5,1045420
264,4.31,4,4,4.25,+5.9%,4.25,4.5,476355
265,3.75,3.75,3.75,3.75,-7.9%,3.75,3.75,871064
266,5,5,5,5,+22.9%,5,5,442010
267,3.89,3.5,3.75,3.75,-4.4%,4,4,725268
268,3.91,3.75,4.5,4,-3.9%,4,3.75,17340
269,4,4,4,4,-1.7%,4,4,905981
270,4.4,4.25,4.75,4.25,+8.1%,4.75,4.25,747617
271,4.3,3.75,4.25,4.25,+5.7%,4.25,4.5,4308
272,3.75,3.75,3.75,3.75,-7.9%,3.75,3.75,487662
273,4.25,4.25,4.25,4.25,+4.4%,4.25,4.25,656062
274,4.12,4,4.25,4,+1.2%,4,4.25,913066
275,4.15,4,4,4.25,+2%,4,4.25,1025815
276,3.55,3.75,4.75,3.25,-12.8%,3.5,3.5,346695
277,5,5,5,5,+22.9%,5,5,467587
278,4.12,4,4,4,+1.2%,4.5,4,822543
279,4.04,4,4,4,-0.7%,3.75,4.25,1123479
280,3.99,4.25,3.5,4.25,-2%,3.75,4,5538
281,3.87,3.75,4,3.75,-4.9%,3.75,4,51876
282,3.89,3.5,4.5,3.75,-4.4%,4.25,3.75,106332
283,4.21,4,4,4.25,+3.4%,4.25,4.25,452072
284,3.89,4,4,3.75,-4.4%,3.75,4,818094
285,4,4,4,4,-1.7%,4,4,946557
286,4.25,4.25,4.25,4.25,+4.4%,4.25,4.25,695249
287,4,4,4,4,-1.7%,4,4,1055516
288,4.42,4.25,4.5,4.5,+8.6%,4.25,4.5,1137781
289,4.24,4.25,4.25,4.5,+4.2%,4,4.25,526
290,4.1,4,4,4,+0.7%,4,4.25,537878
291,4.71,4.5,4.5,4.75,+15.7%,4.75,4.75,1103387
292,3.31,3.5,3.75,3.25,-18.7%,3.25,3.25,656306
293,3.78,3.75,3.5,3.75,-7.1%,3.5,4,187059
294,4,4,4,4,-1.7%,4,4,985289
295,4.15,4,4,4.25,+2%,4,4.25,758292
296,4.43,4.75,4,4.25,+8.8%,4,4.75,1093670
297,4.32,4.25,3.75,4.25,+6.1%,4.25,4.5,141097
298,3.92,3.75,4,4,-3.7%,3.75,4,890889
299,4,4,4,4,-1.7%,4,4,707905
300,4.4,4.25,4,4.25,+8.1%,4.5,4.5,818741
301,3.59,3.5,4,3.5,-11.8%,3.75,3.5,442004
302,3.78,3.75,4.25,3.75,-7.1%,3.75,3.75,741995
303,3.69,3.75,3.75,3.75,-9.3%,3.5,3.75,497589
304,4.25,4.25,4.25,4.25,+4.4%,4.25,4.25,1091115
305,3.93,4,3.75,4,-3.4%,3.75,4,368529
306,3.75,3.75,3.75,3.75,-7.9%,3.75,3.75,912377
307,3.5,3.5,3.5,3.5,-14%,3.5,3.5,831668
308,3.95,4.25,3.75,4,-2.9%,3.75,4,408506
309,4.03,4,4.5,4,-1%,4,4,872563
310,4.1,4,4,4,+0.7%,4,4.25,762463
311,3.99,4.25,3.75,4,-2%,3.5,4.25,952060
312,4.3,4.25,4,4.25,+5.7%,4.5,4.25,585980
313,4.23,4,4.25,4.25,+3.9%,4.25,4.25,17949
314,4.14,3.75,4.25,4.25,+1.7%,4,4.25,839568
315,4.09,4,3.75,4,+0.5%,4,4.25,415963
316,4.34,4,3.75,4.25,+6.6%,4,4.75,1112386
317,3.55,3,3.25,3.25,-12.8%,3.75,3.75,1033446
318,3.78,3.25,4,3.75,-7.1%,4,3.75,332060
319,3.99,4,3.75,4,-2%,4,4,70047
320,4.73,4.75,4.5,4.5,+16.2%,4.5,5,862376
321,4.43,4.5,4.25,4.5,+8.8%,4.25,4.5,730867
322,4.4,4.5,4.25,4.25,+8.1%,4.75,4.25,692655
323,4.33,4,4.25,4.25,+6.4%,4.25,4.5,675255
324,4.08,3.75,4,4,+0.2%,4,4.25,702895
325,4.25,4.25,4.25,4.25,+4.4%,4.25,4.25,576712
326,3.96,4,4,4,-2.7%,4.25,3.75,901211
327,4.06,4,4,4,-0.2%,4.25,4,714311
328,3.55,3.5,3.25,3.5,-12.8%,3.75,3.5,529495
329,4,4,4,4,-1.7%,4,4,958441
330,4,4,4,4,-1.7%,4,4,640760
331,3.74,3.5,4,3.75,-8.1%,3.75,3.75,793359
332,3.33,3.5,4,3.5,-18.2%,3.5,3,705321
333,4.16,4.75,4.25,4.25,+2.2%,3.25,4.5,290357
334,4.31,4,4,4.25,+5.9%,4.25,4.5,354197
335,4.51,4,3.75,4.5,+10.8%,4.5,4.75,819576
336,4.13,4.25,4,4,+1.5%,4,4.25,937300
337,4.14,4,4.25,4,+1.7%,4.5,4,1094227
338,4.34,4.25,4.25,4.5,+6.6%,4,4.5,342222
339,4.15,4.25,4,4,+2%,4.5,4,1115460
340,4.16,4,4,4,+2.2%,4.25,4.25,661511
341,4.34,4.5,4.25,4.25,+6.6%,4.5,4.25,260552
342,4.15,4,4,4.25,+2%,4,4.25,659309
343,3.87,3.75,3.75,3.75,-4.9%,4.25,3.75,694554
344,3.93,4,3.75,4,-3.4%,3.75,4,1116834
345,4,4,4,4,-1.7%,4,4,996087
346,4.52,4.5,4.75,4.5,+11.1%,4.5,4.5,1116422
347,3.99,4,3.75,4,-2%,4,4,545121
348,4.27,4,4,4.25,+4.9%,4.5,4.25,792987
349,4.13,3.75,3.75,4.25,+1.5%,4.5,4,984386
350,3.98,4,4,4,-2.2%,3.5,4.25,1072074
351,4.33,4.5,3.5,4.25,+6.4%,4.25,4.5,552706
352,4,4,4,4,-1.7%,4,4,1109348
353,3.77,3.75,4,3.75,-7.4%,3.75,3.75,676997
354,3.88,3.75,4,4,-4.7%,4,3.75,901277
355,3.9,4,4.25,4,-4.2%,3.5,4,1113598
356,4.34,4.5,4.25,4.25,+6.6%,4.5,4.25,774614
357,3.87,3.75,4,3.75,-4.9%,3.75,4,731509
358,4.34,4.25,4,4.25,+6.6%,4.25,4.5,703319
359,4.24,4.25,4,4.25,+4.2%,4.25,4.25,22
360,3.9,3.75,4,4,-4.2%,4.5,3.5,1058538
361,4.1,3.75,4,4,+0.7%,4.5,4,1078086
362,3.95,4.25,4.25,3.75,-2.9%,4.25,3.75,597573
363,4.43,4.5,4.25,4.5,+8.8%,4.25,4.5,689763
364,3.75,3.75,3.75,3.75,-7.9%,3.75,3.75,1046012
365,4.15,4,4,4.25,+2%,4,4.25,221119
366,4.39,4,3.5,4.5,+7.9%,4.5,4.5,6585
367,4.48,4,4,4.5,+10.1%,4.75,4.5,982585
368,4.06,4,4,4,-0.2%,4.25,4,715055
369,4.15,4,4,4.25,+2%,4,4.25,1041681
370,3.75,3.5,3.5,3.75,-7.9%,3.5,4,798319
371,4.9,4.75,4.75,5,+20.4%,4.75,5,964967
372,4.09,4.25,4,4,+0.5%,4.25,4,978686
373,4,4,4,4,-1.7%,4,4,746828
374,3.87,3.5,3.5,3.75,-4.9%,4,4,1001213
375,3.65,3.5,4,3.5,-10.3%,4,3.5,1076137
376,4.49,4.5,4.25,4.5,+10.3%,4.5,4.5,751751
377,4,4,4,4,-1.7%,4,4,1108761
378,3.5,3.5,3.5,3.5,-14%,3.5,3.5,717473
379,4.56,4.25,4.25,4.5,+12%,4.5,4.75,1042859
380,3.75,3.75,3.75,3.75,-7.9%,3.75,3.75,822814
381,4.34,4.25,4,4.25,+6.6%,4.25,4.5,779027
382,4.42,4,4,4.5,+8.6%,4.5,4.5,890543
383,4.2,4.25,4,4.25,+3.2%,4.5,4,796660
384,4.33,4.5,4.25,4.5,+6.4%,4.25,4.25,955202
385,3.45,3.5,3.25,3.5,-15.2%,3.75,3.25,912776
386,4.11,4,3.5,4,+1%,3.75,4.5,1088878
387,3.71,3.75,4,3.75,-8.8%,3.5,3.75,685942
388,4.28,4.5,4.25,4.25,+5.2%,4.25,4.25,770195
389,5,5,5,5,+22.9%,5,5,1036655
390,3.99,4,3.75,4,-2%,4,4,813430
391,3.67,3.5,3.75,3.75,-9.8%,3.5,3.75,401113
392,4.06,4,4,4,-0.2%,4.25,4,158
393,3.25,3.25,3.25,3.25,-20.1%,3.25,3.25,1030
394,3.74,3.75,3.5,3.75,-8.1%,3.75,3.75,858038
395,3.99,4,3.75,4,-2%,4,4,631805
396,4.16,4,4,4,+2.2%,4.25,4.25,668255
397,3.98,3.75,4,4,-2.2%,4,4,352574
398,4.25,4.25,4.25,4.25,+4.4%,4.25,4.25,788384
399,4.31,4.25,4.25,4.25,+5.9%,4.5,4.25,265507
400,4.24,4.25,4,4.25,+4.2%,4.25,4.25,863694
401,4.21,4,4,4.25,+3.4%,4.25,4.25,501917
402,4.64,4.25,3.75,4.75,+14%,4.75,4.75,738632
403,3.89,4.25,3.75,4,-4.4%,3.5,4,1030381
404,4.1,4,4,4.5,+0.7%,4,4,456300
405,3.61,3.5,4,3.5,-11.3%,4.25,3.25,561514
406,4.04,4,4,4,-0.7%,3.75,4.25,457048
407,3.6,3.75,3.75,3.5,-11.5%,3.75,3.5,276070
408,4,4,4,4,-1.7%,4,4,710543
409,3.5,3.5,3.5,3.5,-14%,3.5,3.5,795807
410,4.82,4.5,4.75,5,+18.4%,4.5,5,955647
411,4,4,4,4,-1.7%,4,4,827317
412,4.71,4,4.5,4.5,+15.7%,4.75,5,990562
413,4.01,4.25,4,4,-1.5%,3.5,4.25,276441
414,4.24,4,4,4,+4.2%,5,4,710935
415,4.05,4.25,4,4,-0.5%,4.5,3.75,1066571
416,4.21,4,4,4.25,+3.4%,4.25,4.25,768592
417,4.26,4,3.75,4.25,+4.7%,4.5,4.25,808960
418,3.31,3.25,3.25,3.25,-18.7%,3.5,3.25,784338
419,4.05,3.75,4.25,4,-0.5%,4.25,4,1069927
420,3.99,3.75,4.25,4,-2%,4,4,686537
421,4.36,4.25,4.25,4.5,+7.1%,4.5,4.25,747587
422,3.81,3.75,3.75,3.75,-6.4%,4,3.75,921796
423,4.31,4.25,4.25,4.25,+5.9%,4.5,4.25,295549
424,4.24,4.25,4,4.25,+4.2%,4.25,4.25,114355
425,4.24,4,4.5,4.25,+4.2%,4.25,4.25,541044
426,4.14,4.25,4.25,4,+1.7%,4,4.25,964524
427,4.72,5,4.75,4.75,+16%,4.5,4.75,1096619
428,4.4,4,4.25,4.5,+8.1%,4.75,4.25,400108
429,3.9,3.5,4,3.75,-4.2%,4,4,733753
430,4.17,4,4,4.25,+2.5%,4.5,4,894992
431,2.59,2.75,2.75,2.75,-36.4%,2.5,2.5,789400
432,4.14,4.25,4,4.25,+1.7%,4.25,4,863359
433,4.05,3.75,4.25,4,-0.5%,4.25,4,119474
434,4.08,4,4.25,4,+0.2%,4.25,4,1062077
435,3.83,3.75,4,3.75,-5.9%,4,3.75,579903
436,3.8,3.75,4.5,3.75,-6.6%,3.75,3.75,741623
437,4.17,4,4.25,4.25,+2.5%,4,4.25,902621
438,4.4,3.5,4.5,4.5,+8.1%,4.5,4.5,549902
439,4.16,4,4,4,+2.2%,4.25,4.25,720464
440,4,4,4,4,-1.7%,4,4,315860
441,4.16,4,4,4,+2.2%,4.25,4.25,661677
442,3.94,4,4,4,-3.2%,3.75,4,331271
443,4.04,3.75,4,4,-0.7%,4.25,4,1013414
444,4.3,3.5,4.25,4.25,+5.7%,4.75,4.25,730846
445,4.08,4.25,4.25,4,+0.2%,3.75,4.25,962669
446,4.39,4.25,4.25,4.75,+7.9%,4,4.5,1093696
447,4.1,4,4,4,+0.7%,4,4.25,723822
448,3.87,3.75,4,3.75,-4.9%,3.75,4,587717
449,4.11,3.5,4,4,+1%,4.25,4.25,848244
450,3.67,3.75,4,3.75,-9.8%,3.75,3.5,675029
451,4.99,5,4.75,5,+22.6%,5,5,613245
452,4.39,4.5,4,4.5,+7.9%,5,4,1078223
453,4.74,4.5,4,4.75,+16.5%,5,4.75,788548
454,4,4,4,4,-1.7%,4,4,939786
455,4.13,3.5,4,4,+1.5%,4.75,4,748677
456,4.08,4,4.25,4,+0.2%,4.25,4,961247
457,2.75,2.75,2.75,2.75,-32.4%,2.75,2.75,823429
458,4.06,4,4,4,-0.2%,4.25,4,696061
459,4.19,4.25,4.25,4.25,+2.9%,4,4.25,575169
460,5,5,5,5,+22.9%,5,5,1058772
461,4.17,4,4.25,4.25,+2.5%,4,4.25,671429
462,3.89,3.25,4,4,-4.4%,3,4.5,951265
463,4.09,4.25,4,4,+0.5%,4.25,4,709783
464,3.8,3.5,3.25,3.75,-6.6%,3.75,4,665804
465,4.36,4.25,4.25,4.5,+7.1%,4.5,4.25,868336
466,4.17,4,4.25,4.25,+2.5%,4,4.25,848645
467,4.28,4.25,3.75,4.25,+5.2%,4.5,4.25,698175
468,3.93,4,3.75,4,-3.4%,3.75,4,76221
469,4,4,4,4,-1.7%,4,4,803117
470,3.98,4.25,4.25,4,-2.2%,3.75,4,1025398
471,5,5,5,5,+22.9%,5,5,795735
472,4,4,4,4,-1.7%,4,4,233201
473,4.23,4,4.25,4.25,+3.9%,4.25,4.25,71283
474,3.61,3.25,4,3.5,-11.3%,3.5,3.75,614584
475,4.16,4,4,4,+2.2%,4.25,4.25,999030
476,3.82,4.25,4,3.75,-6.1%,3.75,3.75,162568
477,4.46,4.25,4.25,4.5,+9.6%,4.5,4.5,91275
478,4.32,4.5,4,4.25,+6.1%,4.5,4.25,712951
479,3.88,3.75,4.25,3.75,-4.7%,3.75,4,523243
480,4.25,4.25,4.25,4.25,+4.4%,4.25,4.25,939467
481,4.4,4.25,4,4.25,+8.1%,4.5,4.5,1073239
482,4.23,4,4.25,4.25,+3.9%,4.25,4.25,360535
483,4.47,4.5,4,4.5,+9.8%,4.5,4.5,722103
484,4.31,3.75,3.75,4.25,+5.9%,4,4.75,195695
485,4,4,4,4,-1.7%,4,4,132348
486,3.31,3,3.5,3,-18.7%,3.75,3.25,314962
487,4.25,4.25,4.25,4.25,+4.4%,4.25,4.25,139278
488,4.3,4.25,4,4.25,+5.7%,4.5,4.25,509236
489,4.26,4.5,4,4.25,+4.7%,4.25,4.25,732781
490,3.5,3.5,3.5,3.5,-14%,3.5,3.5,555385
491,3.88,3.75,4,4,-4.7%,4,3.75,729894
492,4.31,4,4,4.25,+5.9%,4.25,4.5,783940
493,4.68,4.25,4.25,4.5,+15%,5,4.75,108332
494,3.99,3.75,3.5,4,-2%,3.75,4.25,1076496
495,4.27,4,4,4.25,+4.9%,4.5,4.25,748212
496,4.1,4,4.25,4,+0.7%,4.75,3.75,678825
497,4.21,4,4,4.25,+3.4%,4.25,4.25,708933
498,3.92,3.75,3.75,4,-3.7%,4.25,3.75,826813
499,4.5,4.5,4.5,4.5,+10.6%,4.5,4.5,686095
500,3.7,3.5,3.25,3.75,-9.1%,3.75,3.75,1058252
501,3.25,3.25,3.25,3.25,-20.1%,3.25,3.25,906969
502,3.81,3.75,3.75,3.75,-6.4%,4,3.75,113426
503,4.21,4,4,4.25,+3.4%,4.25,4.25,501403
504,4.21,4,4,4.25,+3.4%,4.25,4.25,702835
505,4.21,4,4,4.25,+3.4%,4.25,4.25,926262
506,4.26,4.25,3.75,4.25,+4.7%,4,4.5,657368
507,4.17,4,4.25,4.25,+2.5%,4,4.25,865836
508,3.94,4,4,4,-3.2%,3.75,4,1068723
509,3.97,3.25,3.75,4,-2.5%,4.25,4,1070415
510,3.96,4,3.75,4.25,-2.7%,3.25,4.25,712851
511,4.49,4.5,4.25,4.5,+10.3%,4.5,4.5,584196
512,3.51,3.25,3.75,3.5,-13.8%,4,3.25,972315
513,4.25,4.25,4.25,4.25,+4.4%,4.25,4.25,702797
514,4.02,4,4,4,-1.2%,4.5,3.75,918324
515,4.25,4.25,4.25,4.25,+4.4%,4.25,4.25,458776
516,3.81,3.5,3.75,3.75,-6.4%,4.5,3.5,191291
517,4.32,4.5,4,4.25,+6.1%,4.5,4.25,190158
518,4,4,4,4,-1.7%,4,4,170415
519,2.5,2.5,2.5,2.5,-38.6%,2.5,2.5,312660
520,4.5,4.5,4.5,4.5,+10.6%,4.5,4.5,639626
521,3.15,3.25,4,3,-22.6%,3.25,3,890954
522,4.05,4,3.75,4,-0.5%,4.25,4,321151
523,4.04,3.5,3.75,4,-0.7%,4,4.25,811627
524,4.3,4.25,4,4.25,+5.7%,4.5,4.25,877055
525,4.09,4,3.75,4,+0.5%,4,4.25,1003164
526,4.1,4,4,4,+0.7%,4,4.25,811261
527,4.34,4.25,4,4.25,+6.6%,4.25,4.5,829376
528,5,5,5,5,+22.9%,5,5,1045281
529,4.94,4.5,4.75,5,+21.4%,5,5,1059252
530,3.48,3.75,4.25,3.25,-14.5%,3.75,3.25,1037059
531,4.43,4.25,4.25,4.25,+8.8%,5,4.25,519994
532,4.01,4,4.25,4.25,-1.5%,3.75,4,524986
533,4.24,4,4,4.5,+4.2%,3.75,4.5,399612
534,4,4,4,4,-1.7%,4,4,694066
535,4.87,4.75,4.25,5,+19.7%,4.75,5,695752
536,4.04,4.25,4.25,4,-0.7%,4,4,815004
537,3.9,3.75,3.75,4,-4.2%,3.75,4,163147
538,3.96,4,4,4,-2.7%,4.25,3.75,996163
539,4.91,4.75,4.75,4.75,+20.6%,5,5,847001
540,4.04,4,4,4,-0.7%,3.75,4.25,1059076
541,4.77,4.5,4.5,4.75,+17.2%,5,4.75,995433
542,4.25,4.25,4.25,4.25,+4.4%,4.25,4.25,524385
543,3.89,3.75,3.5,4,-4.4%,3.75,4,25350
544,4.23,4.5,4.5,4.25,+3.9%,4,4.25,772016
545,3.81,3.75,3.75,3.75,-6.4%,4,3.75,974992
546,4.13,4.25,4,4,+1.5%,4,4.25,844788
547,3.79,4,4,3.75,-6.9%,3.75,3.75,6284
548,4.16,4,4,4,+2.2%,4.25,4.25,814357
549,4.19,4.25,4.25,4.25,+2.9%,4,4.25,636286
550,3.8,4.25,3.75,3.75,-6.6%,3.75,3.75,847097
551,3.9,4,4,4,-4.2%,4,3.75,830313
552,4.33,4.5,3.5,4.25,+6.4%,4.25,4.5,989864
553,3.9,3.75,3.75,4,-4.2%,3.75,4,695283
554,3.67,3.75,4,3.75,-9.8%,3.75,3.5,882634
555,4.43,4.5,4.25,4.5,+8.8%,4.25,4.5,758428
556,4.22,4,4,4,+3.7%,4.5,4.25,877474
557,4.06,4,4,4,-0.2%,4.25,4,304243
558,3.91,3.75,3.75,3.75,-3.9%,4,4,760271
559,4.59,4.5,4.25,4.5,+12.8%,4.5,4.75,748229
560,4.1,4,4,4,+0.7%,4,4.25,725361
561,4.37,3.75,4,4.25,+7.4%,5,4.25,776449
562,4.31,4.25,4.25,4.25,+5.9%,4.5,4.25,213336
563,4.58,4.5,5,4.75,+12.5%,4.5,4.5,995703
564,3.75,3.75,3.75,3.75,-7.9%,3.75,3.75,390058
565,4.75,4.75,4.75,4.75,+16.7%,4.75,4.75,759477
566,4.44,4,4.25,4.5,+9.1%,4.5,4.5,621250
567,4.66,4.5,4,4.75,+14.5%,4.25,5,256774
568,4,4,4,4,-1.7%,4,4,743731
569,3.75,3.75,3.75,3.75,-7.9%,3.75,3.75,974616
570,3.77,3.75,4,3.75,-7.4%,3.75,3.75,366955
571,4.18,4,4.5,4.25,+2.7%,4,4.25,863595
572,4.29,4,3.5,4.5,+5.4%,4.5,4.25,839161
573,3.81,3.5,4,3.5,-6.4%,4.25,3.75,231918
574,4.54,4.75,4.75,4.5,+11.5%,4.5,4.5,975347
575,4.5,4.5,4.5,4.5,+10.6%,4.5,4.5,807337
576,4.5,4.5,4.5,4.5,+10.6%,4.5,4.5,796224
577,4.41,4.25,4.25,4.25,+8.4%,4.5,4.5,988845
578,4.68,4.75,4.5,4.75,+15%,4.5,4.75,698827
579,4.36,4.5,4,4.25,+7.1%,4.25,4.5,23172
580,4.06,4,4,4,-0.2%,4.25,4,14442
581,4,3.75,4,4,-1.7%,4.5,3.75,20005
582,4,4,4,4,-1.7%,4,4,606008
583,4.13,4.25,4,4,+1.5%,4,4.25,364399
584,4,4,4,4,-1.7%,4,4,684016
585,4.67,4.5,4.5,4.75,+14.7%,5,4.5,782323
586,3.85,3.75,3.75,3.75,-5.4%,3.75,4,680921
587,3.78,4,3.75,3.75,-7.1%,3.75,3.75,923086
588,4.41,4.25,4.25,4.25,+8.4%,4.5,4.5,41957
589,4.19,4.25,4.25,4.25,+2.9%,4,4.25,732325
590,4.46,4.5,4.75,4.5,+9.6%,4.25,4.5,891882
591,2.61,3,2.5,2.5,-35.9%,2.75,2.5,777402
592,4.24,4.25,4,4.25,+4.2%,4.25,4.25,437031
593,4.91,5,4.25,4.75,+20.6%,5,5,664224
594,4.21,4,4,4.25,+3.4%,4.25,4.25,2240
595,4.21,4,4,4.25,+3.4%,4.25,4.25,204323
596,3.84,3.5,4.25,3.75,-5.7%,4.5,3.5,519325
597,3.75,3.75,3.75,3.75,-7.9%,3.75,3.75,795492
598,4.37,4,4,4.25,+7.4%,4.5,4.5,747806
599,4,4,4,4,-1.7%,4,4,686657
600,4.08,4,4.25,4,+0.2%,4.25,4,414386
601,4.13,3.75,4.5,4,+1.5%,4.5,4,916828
602,4.74,4.75,4.5,4.75,+16.5%,4.75,4.75,715754
603,4.2,4,4,4,+3.2%,4,4.5,924819
604,4.02,4,4,4,-1.2%,4.5,3.75,944696
605,4.28,4.5,4.25,4.25,+5.2%,4.25,4.25,660542
606,3.99,3.75,3.25,4,-2%,4.25,4,677510
607,4.33,4.75,3.75,4.25,+6.4%,4.5,4.25,1043734
608,3.96,4,4,4,-2.7%,4.25,3.75,807001
609,4.28,4.25,3.75,4.25,+5.2%,4.5,4.25,90146
610,4.82,4.75,4.25,4.75,+18.4%,4.75,5,826524
611,4.31,4,4,4.25,+5.9%,4.25,4.5,869255
612,4.21,4,4,4.25,+3.4%,4.25,4.25,737220
613,3.95,3.75,4.25,4,-2.9%,4.25,3.75,445739
614,4.16,4,4,4,+2.2%,4.25,4.25,696393
615,4,4,4,4,-1.7%,4,4,803133
616,3.78,3.5,3,3.75,-7.1%,3.75,4,326927
617,3.77,3.75,4,3.75,-7.4%,3.75,3.75,986082
618,4,4,4,4,-1.7%,4,4,577065
619,4.34,4.5,4.25,4.25,+6.6%,4.5,4.25,734462
620,3.68,4,3.75,3.75,-9.6%,3.75,3.5,552055
621,3.67,3.75,3.75,3.75,-9.8%,3,4,764775
622,3.59,3.75,3.75,3.75,-11.8%,3.5,3.5,158894
623,3.93,4,3.75,4,-3.4%,3.75,4,1017246
624,4.2,4,3.75,4.25,+3.2%,4.25,4.25,735445
625,4.25,4.25,4.25,4.25,+4.4%,4.25,4.25,976199
626,4.73,4.75,5,4.75,+16.2%,5,4.5,445370
627,3.25,3.25,3.25,3.25,-20.1%,3.25,3.25,118620
628,4.27,3.5,3.75,4.25,+4.9%,4.75,4.25,934240
629,3.96,3.75,3.75,4,-2.7%,4,4,810353
630,4.12,4.25,4,4.25,+1.2%,3.75,4.25,823867
631,4.54,4.75,4.75,4.5,+11.5%,4.5,4.5,822032
632,4.24,4.25,4.5,4,+4.2%,4.75,4,156496
633,4.1,4,4,4,+0.7%,4,4.25,617574
634,4.26,3.75,4.25,4.25,+4.7%,4.5,4.25,1008114
635,4.26,4,4,4,+4.7%,4.25,4.5,785747
636,4.08,3.75,3.75,4,+0.2%,4.5,4,268179
637,3.93,4,3.75,4,-3.4%,3.75,4,521408
638,4.75,4.5,4.5,4.75,+16.7%,4.5,5,1040544
639,4.01,4.25,3.75,4,-1.5%,4,4,876987
640,3.92,4,4.25,4,-3.7%,4,3.75,528452
641,4,4,4,4,-1.7%,4,4,701212
642,4.21,4,4,4.25,+3.4%,4.25,4.25,241704
643,3.83,3.75,4,3.75,-5.9%,4,3.75,570026
644,4.01,3.75,3.75,4.25,-1.5%,4,4,95017
645,4,4,4,4,-1.7%,4,4,744201
646,4.14,4.25,4,4.25,+1.7%,4.25,4,968112
647,4.5,4.5,4.5,4.5,+10.6%,4.5,4.5,450127
648,4.33,4,4.25,4.25,+6.4%,4.25,4.5,45568
649,3.98,4,4.25,4,-2.2%,4.25,3.75,814562
650,4.27,4,4,4.25,+4.9%,4.5,4.25,609249
651,4.9,5,5,5,+20.4%,5,4.75,971016
652,4.06,4,4,4,-0.2%,4.25,4,300837
653,4.32,4.25,4.5,4.5,+6.1%,4.25,4.25,1036651
654,4.34,4.25,4,4.25,+6.6%,4.25,4.5,992323
655,4.22,4.25,3.75,4.25,+3.7%,4.25,4.25,921964
656,4.01,3.75,4.25,4,-1.5%,4.5,3.75,397246
657,4.1,4.25,4.25,4,+0.7%,4.25,4,153242
658,3.94,3.5,3.75,4,-3.2%,4,4,715517
659,4.11,4,4,4.25,+1%,4.25,4,354555
660,4.58,4.25,4.5,4.5,+12.5%,4.5,4.75,769192
661,4.13,4,4.25,4.25,+1.5%,4.25,4,156510
662,4,4,4,4,-1.7%,4,4,587586
663,4.24,4.25,4,4.25,+4.2%,4.25,4.25,888673
664,4.16,4.25,3.75,4.25,+2.2%,4,4.25,285283
665,3.92,3.75,4,4,-3.7%,3.75,4,668298
666,4.5,4.5,4.5,4.5,+10.6%,4.5,4.5,788738
667,4.18,4,3.5,4.25,+2.7%,4.25,4.25,1677
668,4.37,4.25,4.25,4.25,+7.4%,4.75,4.25,905834
669,4.02,4,4.25,4,-1.2%,4,4,689880
670,3.68,3.75,4,3.5,-9.6%,4,3.5,281887
671,3.99,4,3.75,4,-2%,4,4,813428
672,3.05,3.5,4,3,-25.1%,2.75,3,728511
673,4.42,4.25,4.5,4.5,+8.6%,4.25,4.5,799463
674,4.27,4,4,4.25,+4.9%,4.5,4.25,706631
675,4.21,4,4,4.25,+3.4%,4.25,4.25,783278
676,4.47,4.5,4,4.5,+9.8%,4.5,4.5,8568
677,3.3,3,3,3.5,-18.9%,3,3.5,648428
678,4.26,4.5,4,4.25,+4.7%,4.25,4.25,434646
679,3.79,4,4,3.75,-6.9%,3.75,3.75,961924
680,4.31,4.25,4.25,4.25,+5.9%,4.5,4.25,19578
681,4.24,4.25,4,4.25,+4.2%,4.25,4.25,1001673
682,4.25,4.25,4.25,4.25,+4.4%,4.25,4.25,725882
683,3.96,4,4,4,-2.7%,4.25,3.75,836463
684,4.18,4.25,4,4.25,+2.7%,4,4.25,456443
685,4.05,4,3.75,4,-0.5%,4.25,4,929462
686,3.92,3.75,4,4,-3.7%,3.75,4,805638
687,4.16,4,4,4,+2.2%,4.25,4.25,865130
688,4.21,4,4,4.25,+3.4%,4.25,4.25,489777
689,4.33,4.25,4.5,4.25,+6.4%,4.5,4.25,1000962
690,4.65,5,4.5,5,+14.3%,4.5,4.5,696912
691,4.23,4,4.25,4.25,+3.9%,4.25,4.25,700694
692,4.17,4,4.25,4.25,+2.5%,4,4.25,811039
693,4.1,4,4,4,+0.7%,4,4.25,915930
694,3.91,4,4,3.75,-3.9%,4.25,3.75,396605
695,4.06,4,4,4,-0.2%,4.25,4,864718
696,3.96,4,4,4,-2.7%,4.25,3.75,845049
697,4,4,4,4,-1.7%,4,4,712175
698,3.94,4,4,4,-3.2%,3.75,4,637219
699,3.85,3.75,3.75,3.75,-5.4%,3.75,4,184093
700,3.79,3.75,4,3.75,-6.9%,4.25,3.5,56472
701,4.24,4,4.5,4.25,+4.2%,4.25,4.25,749448
702,4.31,4.25,4.25,4.25,+5.9%,4.5,4.25,734066
703,4.19,4.25,4.25,4.25,+2.9%,4,4.25,374452
704,4.27,4,4,4.25,+4.9%,4.5,4.25,916896
705,4.35,4.25,4.25,4.25,+6.9%,4.25,4.5,515335
706,4.36,4.25,4,4.25,+7.1%,4.75,4.25,865492
707,4.34,4.25,4,4.25,+6.6%,4.25,4.5,927442
708,3.79,3.5,3.75,3.75,-6.9%,4,3.75,445966
709,4.05,4,4,4.25,-0.5%,4,4,782767
710,4.25,4.25,4.25,4.25,+4.4%,4.25,4.25,805054
711,4.34,4.25,4,4.25,+6.6%,4.25,4.5,782297
712,4.21,4,4,4.25,+3.4%,4.25,4.25,544594
713,3.68,3.25,3.75,3.75,-9.6%,3.25,4,801512
714,3.5,3.5,3.5,3.5,-14%,3.5,3.5,946166
715,4.18,4.25,4,4.25,+2.7%,4,4.25,587616
716,4.66,4.75,4.25,4.75,+14.5%,4.5,4.75,379327
717,4.3,4.25,4,4.25,+5.7%,4.5,4.25,783464
718,3.74,3.5,3.75,3.5,-8.1%,4,3.75,747847
719,3.96,3.75,3.75,4,-2.7%,4,4,745061
720,3.93,4,3.75,4,-3.4%,3.75,4,934826
721,2.91,3,3.5,3,-28.5%,2.5,3,786161
722,4.19,4,4.5,4,+2.9%,4.25,4.25,500263
723,4.55,4,4.5,4.5,+11.8%,4.5,4.75,571640
724,3.86,3.5,4,3.75,-5.2%,4.25,3.75,617300
725,4.49,4.5,4.25,4.5,+10.3%,4.5,4.5,694409
726,4.23,4,4.25,4.25,+3.9%,4.25,4.25,753138
727,4.21,4,4,4.25,+3.4%,4.25,4.25,718226
728,4.16,4.25,3.75,4.25,+2.2%,4,4.25,761612
729,4.24,4.25,4,4.25,+4.2%,4.25,4.25,799427
730,4.19,4,4.25,4.25,+2.9%,4.5,4,799425
731,4.04,4,3.75,4.25,-0.7%,4,4,987898
732,3.96,3,5,4,-2.7%,4,4,1009148
733,4.17,3.5,3.5,4.25,+2.5%,4,4.5,735020
734,4.19,3.75,4,4.25,+2.9%,4.25,4.25,398670
735,4.02,4.25,3.5,4,-1.2%,4.5,3.75,194967
736,4.06,4,4,4,-0.2%,4.25,4,934461
737,4.16,4,4,4,+2.2%,4.25,4.25,610975
738,4.24,4.25,4,4.25,+4.2%,4.25,4.25,973893
739,4.46,4,4,4.5,+9.6%,4.25,4.75,792144
740,3.75,3.75,3.75,3.75,-7.9%,3.75,3.75,710335
741,4.09,4,3.75,4,+0.5%,4,4.25,800709
742,4.36,4.25,4.25,4.5,+7.1%,4.5,4.25,843390
743,4.06,4,4,4,-0.2%,4.25,4,13103
744,3.94,4,4,4,-3.2%,3.75,4,775766
745,4.56,4.5,4.5,4.5,+12%,4.75,4.5,569968
746,3.75,3.75,3.75,3.75,-7.9%,3.75,3.75,881480
747,3.75,4,4.25,3.75,-7.9%,3.5,3.75,754236
748,3.99,4,3.75,4,-2%,4,4,744220
749,4.04,3.75,4,4,-0.7%,4.25,4,659983
750,4.15,4.5,3.75,4.25,+2%,4.25,4,409755
751,4.09,4,3.75,4,+0.5%,4,4.25,20741
752,4.44,4.25,4,4.25,+9.1%,4.25,4.75,762031
753,4.1,4,4,4,+0.7%,4,4.25,856358
754,4.7,4.5,4.25,4.75,+15.5%,4.75,4.75,691959
755,4,4,4,4,-1.7%,4,4,760425
756,4.07,4.25,3.75,4,0%,4.25,4,731914
757,4.25,4.25,4.25,4.25,+4.4%,4.25,4.25,918519
758,3.63,3,4.5,3.5,-10.8%,4,3.5,932958
759,4.45,4.25,4,4.5,+9.3%,4.5,4.5,497925
760,4.28,3.75,3.5,4.25,+5.2%,4.75,4.25,1010399
761,3.75,3.75,3.75,3.75,-7.9%,3.75,3.75,610738
762,4.25,4.25,4.25,4.25,+4.4%,4.25,4.25,801511
763,3.99,4,3.75,4,-2%,4,4,771290
764,2.75,2.75,2.75,2.75,-32.4%,2.75,2.75,704904
765,3.94,4,4,4,-3.2%,3.75,4,149604
766,3.75,3.75,3.75,3.75,-7.9%,3.75,3.75,554870
767,4.24,4.25,4,4.25,+4.2%,4.25,4.25,451108
768,3.73,3.75,4,3.75,-8.4%,4,3.5,1008991
769,3.96,4,4,4,-2.7%,4.25,3.75,897835
770,4.15,4,4,4.25,+2%,4,4.25,971255
771,4.5,4.5,4.5,4.5,+10.6%,4.5,4.5,974314
772,4.3,4,4.5,4.25,+5.7%,4.5,4.25,421067
773,4.22,4.25,3.75,4.25,+3.7%,4.25,4.25,268260
774,4,4,4,4,-1.7%,4,4,707873
775,4.48,4.25,4.5,4.5,+10.1%,4.5,4.5,691614
776,3.76,3.75,4,3.5,-7.6%,3.5,4,364
777,4.1,4,4,4,+0.7%,4,4.25,685075
778,4.6,4.5,4.5,4.5,+13%,4.5,4.75,610402
779,2.12,3.75,3.75,2,-47.9%,3,1,455136
780,4.19,4,4.25,4.25,+2.9%,4.5,4,759005
781,4.24,4.25,4,4.25,+4.2%,4.25,4.25,486744
782,4,4,4,4,-1.7%,4,4,639745
783,4.06,4,4,4,-0.2%,4.25,4,721414
784,4.11,3.75,3.75,4.25,+1%,4,4.25,478775
785,4,4,4,4,-1.7%,4,4,543241
786,4.19,4.25,4.25,4.25,+2.9%,4,4.25,445751
787,3.75,3.75,3.75,3.75,-7.9%,3.75,3.75,703342
788,4.23,4,4.25,4.25,+3.9%,4.25,4.25,690699
789,4.25,4.25,4.25,4.25,+4.4%,4.25,4.25,609807
790,4.66,4.25,4,4.75,+14.5%,4.75,4.75,498515
791,4.25,4.25,4.25,4.25,+4.4%,4.25,4.25,499671
792,4.14,4,4.5,4.25,+1.7%,4.25,4,1001950
793,3.74,3.75,3.5,3.75,-8.1%,3.75,3.75,922190
794,4.14,3.75,4,4,+1.7%,4.25,4.25,762750
795,4.14,4.25,4.25,4,+1.7%,4,4.25,551912
796,5,5,5,5,+22.9%,5,5,811855
797,4.46,4.25,4.25,4.5,+9.6%,4.5,4.5,514431
798,3.96,3.75,4.25,3.75,-2.7%,4.5,3.75,751737
799,4.1,4,4,4,+0.7%,4,4.25,512924
800,4.43,4.5,4.25,4.5,+8.8%,4.25,4.5,160033
801,2.42,3.5,3.5,2.5,-40.5%,1.5,2.5,580639
802,3.8,4,3.5,3.75,-6.6%,3.5,4,152802
803,4.48,4,4,4.5,+10.1%,4.75,4.5,966563
804,3.9,3.5,4,3.75,-4.2%,4,4,719884
805,4.23,4,4.25,4.25,+3.9%,4.25,4.25,532838
806,4.32,4.25,4,4.25,+6.1%,5,4,866215
807,4.5,4.5,4.5,4.5,+10.6%,4.5,4.5,415527
808,4.18,4.25,4,4.25,+2.7%,4,4.25,339562
809,3.57,3.25,4,3.5,-12.3%,3.75,3.5,807358
810,4.45,4.25,4,4.5,+9.3%,4.5,4.5,820869
811,4.19,4.25,4.25,4.25,+2.9%,4,4.25,771157
812,4.52,4.25,4.25,4.5,+11.1%,4.75,4.5,673962
813,4.44,4.25,4,4.25,+9.1%,4.25,4.75,752728
814,4.5,4.5,4.5,4.5,+10.6%,4.5,4.5,699286
815,3.37,3.25,3.5,3.25,-17.2%,3.25,3.5,512999
816,4.19,4.25,4.25,4.25,+2.9%,4,4.25,742754
817,4.12,4.25,4,4.25,+1.2%,3.75,4.25,659782
818,3.36,3.5,3.5,3.5,-17.4%,3.75,3,684436
819,4.18,4.25,4,4.25,+2.7%,4,4.25,945573
820,3.96,3.75,3.75,4,-2.7%,4,4,742990
821,4.21,4,4,4.25,+3.4%,4.25,4.25,174905
822,4.18,4.25,4,4.25,+2.7%,4,4.25,304205
823,4.4,4.25,4.25,4.5,+8.1%,4.25,4.5,219872
824,3.66,4,4.25,3.5,-10.1%,3.75,3.5,500016
825,4.08,4,4.25,4,+0.2%,4.25,4,824885
826,4.28,4.25,4,4.25,+5.2%,4,4.5,786683
827,4.5,4.5,4.5,4.5,+10.6%,4.5,4.5,860932
828,4.11,4.25,3.75,4,+1%,4,4.25,674144
829,3.53,3.75,3.5,3.5,-13.3%,3.5,3.5,925954
830,4.06,4,4,4,-0.2%,4.25,4,67674
831,3.5,3.5,3.5,3.5,-14%,3.5,3.5,848687
832,4.19,4.25,4,4,+2.9%,4.25,4.25,681662
833,4.13,4.25,4,4,+1.5%,4,4.25,87185
834,4.36,4.5,4,4.25,+7.1%,4.25,4.5,176419
835,4.68,4.75,4.5,4.75,+15%,4.5,4.75,884123
836,3.83,3.75,4,3.75,-5.9%,4,3.75,601648
837,3.81,4,4.25,3.75,-6.4%,3.75,3.75,800557
838,3.64,4,4.25,3.5,-10.6%,3.25,3.75,199175
839,4,4,4,4,-1.7%,4,4,770495
840,4.02,3.75,4,4,-1.2%,3.75,4.25,161087
841,4,4,4,4,-1.7%,4,4,756934
842,3.69,4,4,3.75,-9.3%,3.75,3.5,852800
843,4.56,4.25,4.25,4.5,+12%,4.5,4.75,714904
844,4.08,3.75,4,4,+0.2%,4,4.25,357042
845,4.6,4.5,4.5,4.5,+13%,4.5,4.75,772239
846,4.22,4,4,4,+3.7%,4.5,4.25,904404
847,4,4,4,4,-1.7%,4,4,726879
848,4.21,4,4,4.25,+3.4%,4.25,4.25,943767
849,3.7,3.5,4,3.75,-9.1%,4,3.5,823208
850,4.46,4.25,4.25,4.5,+9.6%,4.5,4.5,735175
851,4.93,5,4.75,5,+21.1%,4.75,5,717642
852,3.72,4.25,4,3.75,-8.6%,3.75,3.5,782964
853,4.1,4,4,4,+0.7%,4,4.25,40193
854,4.23,4,4.25,4.25,+3.9%,4.25,4.25,728621
855,3.9,4,4,4,-4.2%,4,3.75,766963
856,3.65,3.75,3.75,3.75,-10.3%,3.75,3.5,673481
857,4.52,4.75,4.75,4.5,+11.1%,4,4.75,774269
858,4.2,4,4.5,4.25,+3.2%,4.5,4,801500
859,3.93,4,3.75,4,-3.4%,3.75,4,227908
860,3.69,4,4,3.75,-9.3%,3.75,3.5,681330
861,4,4,4,4,-1.7%,4,4,505872
862,4.1,4.75,4,4.5,+0.7%,3.25,4.25,979472
863,4.18,4.25,4,4.25,+2.7%,4,4.25,678389
864,4.65,4.5,5,4.5,+14.3%,5,4.5,440420
865,4.21,4,4,4.25,+3.4%,4.25,4.25,447549
866,4.33,4.25,4.5,4.25,+6.4%,4.5,4.25,676219
867,4.28,4.5,4.5,4.5,+5.2%,4,4.25,642785
868,4.43,4.25,4.75,4.5,+8.8%,4.25,4.5,894543
869,4.31,4.25,4.25,4.25,+5.9%,4.5,4.25,940224
870,4.35,4.25,4.25,4.25,+6.9%,4.25,4.5,519152
871,3.89,4,3.75,4,-4.4%,4,3.75,652539
872,4.28,4,3.75,4.25,+5.2%,5,4,814145
873,3.33,3.5,3.75,3.25,-18.2%,3.75,3,993846
874,4.45,4.25,4,4.5,+9.3%,4.5,4.5,708072
875,4.4,4.25,4,4.25,+8.1%,4.5,4.5,917340
876,4.29,4,4.25,4.25,+5.4%,4.5,4.25,653511
877,4.46,4.25,4.25,4.5,+9.6%,4.5,4.5,738611
878,4.08,3.75,4,4,+0.2%,4,4.25,659569
879,4.13,4.25,4,4,+1.5%,4,4.25,790882
880,4.75,4.75,4.75,4.75,+16.7%,4.75,4.75,994310
881,4.34,4.25,4,4.25,+6.6%,4.25,4.5,698062
882,4.5,4.5,4.5,4.5,+10.6%,4.5,4.5,898639
883,4.09,4.25,4,4,+0.5%,4.25,4,162608
884,3.64,3.5,3.75,3.5,-10.6%,4,3.5,393534
885,4.21,4,4,4.25,+3.4%,4.25,4.25,28379
886,4.21,4.25,4.5,4.25,+3.4%,4,4.25,430569
887,4.26,4.5,4,4.25,+4.7%,4.25,4.25,715250
888,3.79,3.5,3.75,3.75,-6.9%,4,3.75,904793
889,4.5,4.5,4.5,4.5,+10.6%,4.5,4.5,785748
890,4.51,4,4.5,4.5,+10.8%,4.75,4.5,780649
891,4.15,4,4,4.25,+2%,4,4.25,710126
892,3.75,3.75,3.75,3.75,-7.9%,3.75,3.75,954369
893,3.67,3.5,3.75,3.75,-9.8%,3.5,3.75,952620
894,4.15,4,4,4.25,+2%,4,4.25,930526
895,4.3,4.25,4,4.25,+5.7%,4.5,4.25,785493
896,4.68,5,4.25,4.5,+15%,4.25,5,980382
897,4.42,4.25,4.25,4.5,+8.6%,4.75,4.25,688817
898,4.74,4.75,4.5,4.75,+16.5%,4.75,4.75,778782
899,4,4,4,4,-1.7%,4,4,666043
900,4.23,4.5,4.5,4.25,+3.9%,4,4.25,881800
901,4.29,4.25,4.25,4.25,+5.4%,4,4.5,782561
902,4.54,4.5,4,4.25,+11.5%,5,4.5,805015
903,4.82,4.5,4.5,4.5,+18.4%,5,5,708714
904,4.46,4.25,4.25,4.5,+9.6%,4.5,4.5,902816
905,4.33,4,4,4.25,+6.4%,4.75,4.25,197048
906,4.25,4,4,4.25,+4.4%,4,4.5,695276
907,3.75,3.75,3.75,3.75,-7.9%,3.75,3.75,569458
908,4.14,4,3.75,4.25,+1.7%,4,4.25,695015
909,4.13,4.25,4,4,+1.5%,4,4.25,656870
910,4.09,4,4,4.25,+0.5%,3.75,4.25,793529
911,3.79,3.75,3.5,4,-6.9%,3.75,3.75,521916
912,3.5,3.5,3.5,3.5,-14%,3.5,3.5,773354
913,3.44,3.25,4.5,3.5,-15.5%,3.5,3.25,848998
914,4,4,4,4,-1.7%,4,4,740808
915,4.5,4.5,4.5,4.5,+10.6%,4.5,4.5,713922
916,3.84,4,3.75,3.75,-5.7%,4,3.75,5615
917,4.21,4.25,4.5,4.25,+3.4%,4,4.25,797110
918,4.02,3.75,3.75,4,-1.2%,4.25,4,688640
919,4.11,4,4.25,4.25,+1%,3.75,4.25,455621
920,3.5,3.5,3.5,3.5,-14%,3.5,3.5,718662
921,4.11,4,3.75,4,+1%,4.5,4,932006
922,3.99,4.25,3.75,4,-2%,3.5,4.25,799287
923,4.18,4.25,4,4.25,+2.7%,4,4.25,20215
924,4.38,4,4.75,4.25,+7.6%,4.75,4.25,603351
925,4.48,4.25,4.5,4.5,+10.1%,4.5,4.5,690543
926,4.27,4,4,4.25,+4.9%,4.5,4.25,639460
927,4.5,4.5,4.5,4.5,+10.6%,4.5,4.5,671083
928,3.84,4.25,3.75,3.75,-5.7%,3.5,4,712544
929,3.99,3.75,4.25,4,-2%,4,4,177736
930,4.79,4.75,4.5,4.5,+17.7%,4.75,5,878920
931,3.75,4,4,3.75,-7.9%,4,3.5,349757
932,4.41,4.25,4.25,4.25,+8.4%,4.5,4.5,786812
933,4.16,4.75,3.75,4,+2.2%,4,4.25,786709
934,3.23,4.5,4.5,3.25,-20.6%,2.75,3,302312
935,4.04,4.25,4,4.25,-0.7%,3,4.5,942520
936,4.29,4.25,4,4.5,+5.4%,4.25,4.25,921996
937,3.85,4,4,3.75,-5.4%,4,3.75,389332
938,4,4,4,4,-1.7%,4,4,527549
939,4.13,4.25,4,4,+1.5%,4,4.25,695854
940,3.69,3.75,3.75,3.75,-9.3%,3.5,3.75,655761
941,3.75,3.75,3.75,3.75,-7.9%,3.75,3.75,735454
942,3.73,4,4,3.75,-8.4%,3.5,3.75,518765
943,4.27,4.25,3.5,4.25,+4.9%,4.5,4.25,790443
944,3.8,3.5,4,3.75,-6.6%,4,3.75,871086
945,3.96,4,4.75,4.25,-2.7%,3,4.25,661673
946,3.92,3.75,4.5,3.75,-3.7%,4.25,3.75,242257
947,4.12,4,4.25,4,+1.2%,4,4.25,777177
948,4.44,4.5,4.5,4.5,+9.1%,4.25,4.5,706937
949,4.28,5,3.75,4.25,+5.2%,3.75,4.5,519375
950,4.02,4.5,3.75,4,-1.2%,3.5,4.25,956454
951,4,4,4,4,-1.7%,4,4,829974
952,1.86,4,3,2,-54.3%,2,1,837319
953,4,4,4,4,-1.7%,4,4,706411
954,4.23,4,4.25,4.25,+3.9%,4.25,4.25,800991
955,3.93,3.75,4,3.75,-3.4%,4,4,817151
956,3.64,4,4,3.5,-10.6%,3.75,3.5,683063
957,4.05,4,3.75,4,-0.5%,4.25,4,865801
958,3.89,3.75,4,3.75,-4.4%,4.25,3.75,489862
959,4.25,4.25,4.25,4.25,+4.4%,4.25,4.25,747212
960,3.66,3.5,4,3.75,-10.1%,4.25,3.25,125029
961,4.19,4.25,4.25,4.25,+2.9%,4,4.25,968595
962,4.13,4,4.25,4.25,+1.5%,4.25,4,747736
963,1.6,2,2,2,-60.7%,2,1,739957
964,3.97,4.25,4,4,-2.5%,3.75,4,515021
965,4.39,4,4.25,4.25,+7.9%,4.5,4.5,251614
966,4.21,4,4,4.25,+3.4%,4.25,4.25,700231
967,4.7,5,5,4.5,+15.5%,5,4.5,707714
968,4.21,4,4,4.25,+3.4%,4.25,4.25,589055
969,3.83,3.75,4,3.75,-5.9%,4,3.75,396335
970,4.13,3.75,3.75,4.25,+1.5%,4.5,4,268424
971,3.73,3.5,4,4,-8.4%,3.5,3.75,992810
972,3.95,3.75,4,3.75,-2.9%,4.5,3.75,224763
973,4.06,4,4,4,-0.2%,4.25,4,178291
974,4,4,4,4,-1.7%,4,4,771899
975,3.48,3.25,4,3.25,-14.5%,4,3.25,697180
976,4.35,4.25,4.25,4.25,+6.9%,4.25,4.5,109774
977,4.43,4.25,4.75,4.5,+8.8%,4.25,4.5,658247
978,4.29,3,4.75,4,+5.4%,5,4.25,968350
979,3.75,3.75,3.75,3.75,-7.9%,3.75,3.75,896965
980,3.81,3.5,3.5,3.75,-6.4%,3.75,4,768221
981,4.12,4,4,4,+1.2%,4.5,4,533177
982,4.25,4.25,4.25,4.25,+4.4%,4.25,4.25,715742
983,4.08,4,4.25,4,+0.2%,4.25,4,843258
984,4.45,4.25,4,4.5,+9.3%,4.5,4.5,984812
985,4,4,4,4,-1.7%,4,4,544214
986,4.23,4,4,4.25,+3.9%,4.75,4,898143
987,4.19,4.25,4.25,4.25,+2.9%,4,4.25,783270
988,4.1,4,4,4,+0.7%,4,4.25,842885
989,4.17,4,4.25,4.25,+2.5%,4,4.25,180659
990,4.29,4,4.25,4.25,+5.4%,4.5,4.25,778000
991,4.21,4,4,4.25,+3.4%,4.25,4.25,975433
992,3.78,4,3.75,3.75,-7.1%,3.75,3.75,889528
993,4.27,4.25,4.5,4.25,+4.9%,4.25,4.25,227783
994,3.31,3.5,4,3.5,-18.7%,3,3.25,3782
995,3.94,4,3,4,-3.2%,4,4,802769
996,4.05,4,3.75,4,-0.5%,4.25,4,912339
997,4.02,4,4.25,4,-1.2%,4,4,489997
998,3.97,4.75,4.25,4,-2.5%,3.5,4,787196
999,4.23,4,4.25,4.25,+3.9%,4.25,4.25,495838
1000,4.21,4,4,4.25,+3.4%,4.25,4.25,609694
1001,4,4,4,4,-1.7%,4,4,140509
1002,4.02,3.5,3.5,4,-1.2%,4,4.25,313402
1003,4.05,4.25,3.75,4,-0.5%,3.75,4.25,795047
1004,4.17,4,4.25,4.25,+2.5%,4,4.25,810746
1005,4,4,4,4,-1.7%,4,4,888160
1006,3.43,4,3.75,3.5,-15.7%,3.75,3,935018
1007,4.53,4.5,4,4.5,+11.3%,4.75,4.5,738424
1008,4.33,4,4.25,4.25,+6.4%,4.25,4.5,786963
1009,4.16,4,4,4,+2.2%,4.25,4.25,233327
1010,4.3,4.25,4,4.25,+5.7%,4.5,4.25,932120
1011,4.23,4,4.25,4.25,+3.9%,4.25,4.25,868713
1012,4.5,4.5,4.5,4.5,+10.6%,4.5,4.5,396565
1013,4.02,4,4.25,4,-1.2%,4,4,794551
1014,3.56,3.75,4,3.5,-12.5%,3.5,3.5,703648
1015,4.11,5,3.5,4,+1%,3.75,4.25,203924
1016,3.75,3.75,3.75,3.75,-7.9%,3.75,3.75,355414
1017,4.09,4,3.75,4,+0.5%,4,4.25,809673
1018,4.22,4,4.25,4.5,+3.7%,4,4.25,583440
1019,3.89,4,3.75,4,-4.4%,4,3.75,768593
1020,4.03,4.25,4,4,-1%,4,4,827579
1021,3.75,3.75,3.75,3.75,-7.9%,3.75,3.75,654530
1022,4.31,4.25,4.25,4.25,+5.9%,4.5,4.25,333911
1023,4.08,4,4.5,4.25,+0.2%,4,4,934840
1024,4.73,4.5,4.75,4.75,+16.2%,4.75,4.75,732172
1025,4.13,4.25,4,4,+1.5%,4,4.25,779746
1026,4.16,4,4,4,+2.2%,4.25,4.25,204262
1027,3.8,3.5,4,3.75,-6.6%,4,3.75,637112
1028,3.78,4,3.75,3.75,-7.1%,3.75,3.75,545244
1029,3.96,4,4.25,4,-2.7%,3.75,4,785750
1030,4.75,4.75,4.75,4.75,+16.7%,4.75,4.75,733123
1031,4.08,3.75,4,4,+0.2%,4,4.25,730164
1032,4.09,4.25,4,4,+0.5%,4.25,4,768993
1033,4.6,4.5,4.5,4.5,+13%,4.5,4.75,579581
1034,4.19,4.25,4.25,4.25,+2.9%,4,4.25,763876
1035,4,4,4,4,-1.7%,4,4,748650
1036,3.83,3.75,4,3.75,-5.9%,4,3.75,378266
1037,4.21,4.25,4.25,4.25,+3.4%,4.5,4,792019
1038,4.12,4,4.25,4,+1.2%,4,4.25,721156
1039,3.67,3.75,4,3.75,-9.8%,3.75,3.5,770730
1040,4.25,4.25,4.25,4.25,+4.4%,4.25,4.25,690971
1041,4.43,4.5,4.25,4.5,+8.8%,4.25,4.5,723617
1042,4.39,4.5,4.25,4.5,+7.9%,4.5,4.25,792027
1043,4.34,4.25,4,4.25,+6.6%,4.25,4.5,247581
1044,4.31,4,4,4.25,+5.9%,4.25,4.5,375338
1045,4.14,3.75,4,4,+1.7%,4.25,4.25,218028
1046,4,4,4,4,-1.7%,4,4,610365
1047,4.5,4.5,4.5,4.5,+10.6%,4.5,4.5,165158
1048,4.47,4.5,4,4.5,+9.8%,4.5,4.5,53566
1049,4.11,4,4,4.25,+1%,4.25,4,90128
1050,4.41,4.25,4.25,4.25,+8.4%,4.5,4.5,713926
1051,3.81,3.75,3.75,3.75,-6.4%,4,3.75,681384
1052,3.93,4,3.75,4,-3.4%,3.75,4,863423
1053,4.41,4.25,4.25,4.25,+8.4%,4.5,4.5,71664
1054,4,4,4.25,4,-1.7%,3.5,4.25,617493
1055,4.24,4.25,4,4.25,+4.2%,4.25,4.25,738896
1056,3.57,3.75,4,3.25,-12.3%,3.75,3.5,787517
1057,3.97,3.75,3.5,4,-2.5%,4.5,3.75,962139
1058,4.06,4.25,4,4.25,-0.2%,3.5,4.25,190012
1059,4.12,4,4,4,+1.2%,4.5,4,504426
1060,3.96,4,3.25,4,-2.7%,4,4,683809
1061,4.23,3.75,3.75,4.25,+3.9%,4.5,4.25,673923
1062,4.3,4,4.5,4.25,+5.7%,4.5,4.25,810762
1063,4,4,4,4,-1.7%,4,4,694262
1064,4.71,4.5,4.5,4.75,+15.7%,4.75,4.75,747668
1065,4.19,4.25,4.25,4.25,+2.9%,4,4.25,490010
1066,3.97,4.25,4,4,-2.5%,3.75,4,884193
1067,4.21,4,4,4.25,+3.4%,4.25,4.25,709529
1068,4.07,4.25,3.75,4,0%,4.25,4,702003
1069,4.23,4,4.25,4.25,+3.9%,4.25,4.25,692382
1070,4.01,4.25,4,4,-1.5%,3.5,4.25,213734
1071,4.06,4,4,4,-0.2%,4.25,4,187713
1072,4.24,4.25,4,4.25,+4.2%,4.25,4.25,713149
1073,3.79,3.75,3.75,3.75,-6.9%,3.5,4,697544
1074,3.92,3.75,4,4,-3.7%,3.75,4,364111
1075,4.25,4.25,4.25,4.25,+4.4%,4.25,4.25,290821
1076,3.87,3.75,4,3.75,-4.9%,3.75,4,42977
1077,4.5,4.5,4.5,4.5,+10.6%,4.5,4.5,662957
1078,4.25,4.25,4.25,4.25,+4.4%,4.25,4.25,838288
1079,4.45,4.25,4,4.5,+9.3%,4.5,4.5,1347
1080,4.27,4,4,4.25,+4.9%,4.5,4.25,868209
1081,4.35,4.25,4.25,4.25,+6.9%,4.25,4.5,736821
1082,4.15,5,4,4.25,+2%,4,4,721957
1083,4.64,4.25,4.5,4.5,+14%,4.75,4.75,946080
1084,4.2,4.25,4,4.25,+3.2%,4.5,4,591115
1085,4.46,4.25,4.25,4.5,+9.6%,4.5,4.5,112792
1086,4.37,4,4,4.25,+7.4%,4.5,4.5,837956
1087,4.21,4,4,4.25,+3.4%,4.25,4.25,846248
1088,4,4,4,4,-1.7%,4,4,215952
1089,4.02,4,4.25,4,-1.2%,4,4,786774
1090,4.06,4,4,4,-0.2%,4.25,4,733093
1091,4.08,3.75,4,4,+0.2%,4,4.25,713758
1092,4.09,4,3.75,4,+0.5%,4,4.25,66888
1093,4,4,4,4,-1.7%,4,4,776358
1094,4.48,4.75,4.75,4.5,+10.1%,4.25,4.5,971163
1095,4.6,4.25,4.25,4.5,+13%,4.25,5,805424
1096,3.77,3.5,4,3.5,-7.4%,4.5,3.5,584357
1097,4.22,4,4,4,+3.7%,4.5,4.25,536693
1098,3.78,4,4,4,-7.1%,3.5,3.75,956557
1099,4,3.75,4,4,-1.7%,4.5,3.75,515613
1100,3.75,3.75,3.75,3.75,-7.9%,3.75,3.75,272429
1101,4,4,4,4,-1.7%,4,4,733513
1102,3.75,3.75,3.75,3.75,-7.9%,3.75,3.75,662611
1103,4.18,4,3.75,4.25,+2.7%,3.75,4.5,827537
1104,4,4,4,4,-1.7%,4,4,765942
1105,4.46,4.5,4.75,4.5,+9.6%,4.25,4.5,838155
1106,4.36,4.25,4,4.25,+7.1%,4.75,4.25,906742
1107,4.06,4,4,4,-0.2%,4.25,4,165821
1108,3.88,4,3.5,3.75,-4.7%,4.25,3.75,704894
1109,3.5,3.5,3.5,3.5,-14%,3.5,3.5,718760
1110,4.21,4,4,4.25,+3.4%,4.25,4.25,4099
1111,4.13,4.25,4.25,4.25,+1.5%,3.75,4.25,761560
1112,4.13,4.25,4,4,+1.5%,4,4.25,760533
1113,3.75,3.75,3.75,3.75,-7.9%,3.75,3.75,6103
1114,4.52,4.25,4.25,4.5,+11.1%,4.75,4.5,676914
1115,4.31,4.25,4.25,4.25,+5.9%,4.5,4.25,887764
1116,3.87,3.5,3.5,3.75,-4.9%,4,4,866836
1117,4,3.5,3.75,4,-1.7%,4.25,4,713557
1118,4.5,4.5,4.5,4.5,+10.6%,4.5,4.5,168144
1119,3.6,3.5,3.5,3.5,-11.5%,3.5,3.75,738293
1120,4.25,4.25,4.25,4.25,+4.4%,4.25,4.25,703562
1121,3.99,4,3.75,4,-2%,4,4,806433
1122,4.12,4,4.25,4,+1.2%,4,4.25,631417
1123,4.34,4.25,4.75,4.25,+6.6%,4.5,4.25,941808
1124,4.2,4.5,4,4.25,+3.2%,4,4.25,963995
1125,3.67,3.5,3.75,3.75,-9.8%,3.5,3.75,674078
1126,4.24,4.25,4,4.25,+4.2%,4.25,4.25,792719
1127,4.35,4.25,4,4.5,+6.9%,4.5,4.25,867726
1128,4.09,4,4,4.25,+0.5%,3.75,4.25,146111
1129,4.17,4,4.25,4.25,+2.5%,4,4.25,869958
1130,4.27,4,3.75,4,+4.9%,4.75,4.25,138902
1131,3.86,3.75,3.75,4,-5.2%,4,3.75,890067
1132,4.65,5,4.25,4.75,+14.3%,4.75,4.5,789797
1133,4.45,4.25,4.25,4.25,+9.3%,4.25,4.75,913011
1134,4.41,4.25,4.25,4.25,+8.4%,4.5,4.5,513273
1135,4.4,4.25,4.25,4.5,+8.1%,4.25,4.5,254709
1136,4.56,4.25,4.25,4.5,+12%,4.5,4.75,733909
1137,4.43,4.5,4.25,4.5,+8.8%,4.25,4.5,641365
1138,4.21,4,4,4.25,+3.4%,4.25,4.25,737070
1139,3.9,4,4,4,-4.2%,4,3.75,740135
1140,4,4,4,4,-1.7%,4,4,790433
1141,4.5,4,4.25,4.5,+10.6%,4.75,4.5,752670
1142,3.19,3,2.75,3.5,-21.6%,3,3.25,751594
1143,4.29,4.25,4.25,4.25,+5.4%,4,4.5,765932
1144,4.56,4.5,4.5,4.5,+12%,4.75,4.5,441428
1145,4.29,4.25,4.25,4.25,+5.4%,4,4.5,246893
1146,4.54,4.25,4.5,4.5,+11.5%,4.75,4.5,695379
1147,3.94,4,4,4,-3.2%,3.75,4,412941
1148,4.34,4.5,4.5,4.5,+6.6%,4.25,4.25,934126
1149,3.75,3.75,3.75,3.75,-7.9%,3.75,3.75,109040
1150,3.74,3.75,3.75,4,-8.1%,3.5,3.75,660271
1151,4.16,4,4,4,+2.2%,4.25,4.25,927591
1152,4.24,4.5,3,4.25,+4.2%,4,4.5,249405
1153,4,4,4,4,-1.7%,4,4,511380
1154,4,4,4,4,-1.7%,4,4,837776
1155,4.71,4.5,4.5,4.75,+15.7%,4.75,4.75,843796
1156,4,4,4,4,-1.7%,4,4,788700
1157,4.18,4.5,4.25,4.25,+2.7%,4.25,4,815210
1158,4,4,4,4,-1.7%,4,4,580576
1159,4.59,4.5,4.25,4.5,+12.8%,4.5,4.75,497809
1160,4.74,4.75,4.5,4.75,+16.5%,4.75,4.75,182263
1161,4.16,4.25,3.75,4.25,+2.2%,4,4.25,760819
1162,3.92,4,4.25,4,-3.7%,4,3.75,826510
1163,4.62,4.5,4.75,4.5,+13.5%,4.5,4.75,741705
1164,4,4,4,4,-1.7%,4,4,707261
1165,4,4,4,4,-1.7%,4,4,705906
1166,4.34,4,4.5,4.25,+6.6%,4.25,4.5,883510
1167,4.1,4,4,4,+0.7%,4,4.25,621906
1168,4.31,4.25,4.25,4.25,+5.9%,4.5,4.25,829754
1169,4,4,4,4,-1.7%,4,4,584801
1170,4.29,4.25,4.25,4.25,+5.4%,4,4.5,569020
1171,4.25,4.25,4.25,4.25,+4.4%,4.25,4.25,750469
1172,3.98,3.75,4,4,-2.2%,4,4,752164
1173,4.26,3.75,4.25,4.25,+4.7%,4.5,4.25,172660
1174,4.12,4,4.25,4,+1.2%,4,4.25,545877
1175,3.81,4,4.25,3.75,-6.4%,3.75,3.75,37950
1176,4.16,4,4,4,+2.2%,4.25,4.25,736279
1177,4.7,4.5,5,4.75,+15.5%,5,4.5,894735
1178,4.1,4,4,4,+0.7%,4,4.25,713943
1179,4.14,4.25,4.25,4,+1.7%,4,4.25,761842
1180,4.06,3.75,3.75,4,-0.2%,4,4.25,884878
1181,4.75,4.75,4.75,4.75,+16.7%,4.75,4.75,845682
1182,4.33,4.25,4,4.5,+6.4%,4,4.5,760801
1183,4.31,4,4,4.25,+5.9%,4.25,4.5,850313
1184,5,5,5,5,+22.9%,5,5,884098
1185,4.21,4,4,4.25,+3.4%,4.25,4.25,823480
1186,4.12,4,4.25,4,+1.2%,4,4.25,779364
1187,3.75,3.75,3.75,3.75,-7.9%,3.75,3.75,637202
1188,3.99,3.75,4,3.75,-2%,4.25,4,684549
1189,3.73,3.5,3.75,3.75,-8.4%,3.75,3.75,678501
1190,4.05,4,4,4.25,-0.5%,4,4,418727
1191,4.18,4.25,4,4.25,+2.7%,4,4.25,683561
1192,3.76,3,3,4,-7.6%,4.5,3.5,877009
1193,4.16,4.25,3.75,4.25,+2.2%,4,4.25,550418
1194,4.25,4.25,4.25,4.25,+4.4%,4.25,4.25,717733
1195,4.21,4,4,4.25,+3.4%,4.25,4.25,795003
1196,3.96,4,4.25,4,-2.7%,3.75,4,902206
1197,4.09,3.75,4.25,4,+0.5%,4,4.25,765978
1198,4.21,4,4.25,4.25,+3.4%,3.75,4.5,257808
1199,4.6,4.5,4.5,4.5,+13%,4.5,4.75,783582
1200,4.02,4,4.25,4,-1.2%,4,4,371504
1201,4.04,4,4,4,-0.7%,3.75,4.25,801220
1202,4.24,4.25,4,4.25,+4.2%,4.25,4.25,787096
1203,4.21,4,4,4.25,+3.4%,4.25,4.25,872622
1204,3.96,4,4.25,4,-2.7%,3.75,4,276574
1205,4.06,4,4,4,-0.2%,4.25,4,801793
1206,4.77,4.75,5,4.75,+17.2%,4.75,4.75,727853
1207,4,4,4,4,-1.7%,4,4,689431
1208,3.74,4,3.75,3.75,-8.1%,4,3.5,446332
1209,4.47,4.5,4,4.5,+9.8%,4.5,4.5,34925
1210,3.68,3.75,4.25,3.75,-9.6%,3.75,3.5,796767
1211,4.07,4,4.25,4.25,0%,4,4,26127
1212,4.08,3.75,4,4,+0.2%,4,4.25,919877
1213,4,4,4,4,-1.7%,4,4,548969
1214,4.43,4.5,4.25,4.5,+8.8%,4.25,4.5,262853
1215,4.21,4.25,4.5,4.25,+3.4%,4,4.25,551908
1216,4.48,4.25,4.5,4.5,+10.1%,4.5,4.5,934131
1217,3.67,3.75,4,3.75,-9.8%,3.75,3.5,187920
1218,3.99,3.75,4.25,4,-2%,4,4,694
1219,3.88,3.75,4,4,-4.7%,4,3.75,698679
1220,4.31,4,3,4.25,+5.9%,4.5,4.5,709813
1221,4.5,4.5,4.5,4.5,+10.6%,4.5,4.5,787116
1222,4.09,3.75,4,4.25,+0.5%,4.25,4,126841
1223,4.06,4,4,4,-0.2%,4.25,4,323619
1224,4.12,3.75,3.75,4,+1.2%,4.25,4.25,472192
1225,4.3,4.25,4,4.25,+5.7%,4.5,4.25,817566
1226,4.21,4.5,4,4,+3.4%,4.25,4.25,340066
1227,4.41,4.5,4,4.5,+8.4%,4.25,4.5,4389
1228,4.04,3.75,4,4,-0.7%,4.25,4,801384
1229,4.28,4.5,4.25,4.25,+5.2%,4.25,4.25,615246
1230,4.27,4,4,4.25,+4.9%,4.5,4.25,868549
1231,4.05,4.25,3.75,4,-0.5%,3.75,4.25,706805
1232,4.63,4.25,4.5,4.75,+13.8%,4.5,4.75,728097
1233,4.14,3.75,4,4,+1.7%,4.25,4.25,4440
1234,4.18,4.25,4,4.25,+2.7%,4,4.25,679174
1235,4.09,4.25,4,4,+0.5%,4.25,4,722754
1236,3.75,3.75,3.75,3.75,-7.9%,3.75,3.75,815109
1237,4,4,4,4,-1.7%,4,4,352725
1238,4.16,4,4,4,+2.2%,4.25,4.25,739679
1239,3.86,4,4.25,4,-5.2%,3.75,3.75,118653
1240,3.9,3,4,4,-4.2%,4,4,901944
1241,3.74,3.75,3.5,3.75,-8.1%,3.75,3.75,689620
1242,3.87,4,4.25,3.75,-4.9%,4,3.75,706038
1243,3.81,4,4.25,3.75,-6.4%,3.75,3.75,431655
1244,4,4,4,4,-1.7%,4,4,776849
1245,4.12,4,4,4,+1.2%,4.5,4,696583
1246,3.38,3.25,3.5,3.5,-17%,3.5,3.25,706964
1247,3.94,4,4,4,-3.2%,3.75,4,601369
1248,4.16,4,4,4,+2.2%,4.25,4.25,413924
1249,3.59,3.75,3.75,3.75,-11.8%,3.5,3.5,673823
1250,4.23,4,4.25,4.25,+3.9%,4.25,4.25,497765
1251,3.73,3.5,3.75,3.75,-8.4%,3.75,3.75,719621
1252,4.06,4,4,4,-0.2%,4.25,4,807670
1253,3.93,4,3.75,4,-3.4%,3.75,4,385411
1254,4.16,4,4,4,+2.2%,4.25,4.25,621096
1255,4.3,4.25,4,4.25,+5.7%,4.5,4.25,464814
1256,3.99,4,4,3.75,-2%,5,3.5,914952
1257,4.19,4.25,4.25,4.25,+2.9%,4,4.25,701243
1258,4.77,4.5,4.5,4.75,+17.2%,5,4.75,783801
1259,4.03,4,4.5,4,-1%,4,4,414126
1260,4.49,4.5,4.25,4.5,+10.3%,4.5,4.5,721199
1261,3.9,4,4,4,-4.2%,4,3.75,759857
1262,4.21,4,4,4.25,+3.4%,4.25,4.25,758650
1263,3.68,4,3.75,3.75,-9.6%,3.75,3.5,417017
1264,4.5,4.5,4.5,4.5,+10.6%,4.5,4.5,730570
1265,3.92,3.5,3.5,4,-3.7%,4,4,810092
1266,3.93,4,3.75,4,-3.4%,3.75,4,601042
1267,4,N/A,N/A,N/A,-1.7%,N/A,N/A,571365
1268,4.48,N/A,N/A,N/A,+10.1%,N/A,N/A,342246
1269,4.08,N/A,N/A,N/A,+0.2%,N/A,N/A,906733
1270,4.41,4.25,4.25,4.25,+8.4%,4.5,4.5,884308
1271,4,N/A,N/A,N/A,-1.7%,N/A,N/A,675875
1272,2.76,N/A,N/A,N/A,-32.2%,N/A,N/A,875155
1273,4.52,N/A,N/A,N/A,+11.1%,N/A,N/A,663197
1274,4.75,4.75,4.75,4.75,+16.7%,4.75,4.75,872063
1275,3.75,N/A,N/A,N/A,-7.9%,N/A,N/A,834887
1276,3.75,N/A,N/A,N/A,-7.9%,N/A,N/A,711362
1277,4.5,N/A,N/A,N/A,+10.6%,N/A,N/A,288119
1278,4,N/A,N/A,N/A,-1.7%,N/A,N/A,450970
1279,4.5,N/A,N/A,N/A,+10.6%,N/A,N/A,572853
1280,5,N/A,N/A,N/A,+22.9%,N/A,N/A,609751
1281,4.25,4.25,4.25,4.25,+4.4%,4.25,4.25,731520
1282,3.5,N/A,N/A,N/A,-14%,N/A,N/A,654941
1283,4.31,N/A,N/A,N/A,+5.9%,N/A,N/A,738555
1284,4.25,N/A,N/A,N/A,+4.4%,N/A,N/A,569933
1285,3.5,N/A,N/A,N/A,-14%,N/A,N/A,892154
1286,4.5,N/A,N/A,N/A,+10.6%,N/A,N/A,713392
1287,4.5,N/A,N/A,N/A,+10.6%,N/A,N/A,898774
1288,4.3,N/A,N/A,N/A,+5.7%,N/A,N/A,510281
1289,3.75,N/A,N/A,N/A,-7.9%,N/A,N/A,527987
1290,4,N/A,N/A,N/A,-1.7%,N/A,N/A,700695
1291,4.25,N/A,N/A,N/A,+4.4%,N/A,N/A,612184
1292,4.25,N/A,N/A,N/A,+4.4%,N/A,N/A,528983
1293,4.68,N/A,N/A,N/A,+15%,N/A,N/A,828942
1294,4.25,N/A,N/A,N/A,+4.4%,N/A,N/A,791892
1295,4,N/A,N/A,N/A,-1.7%,N/A,N/A,838259
1296,4.62,4.25,4.25,4.5,+13.5%,4.75,4.75,75888
1297,4,N/A,N/A,N/A,-1.7%,N/A,N/A,451841
1298,4,N/A,N/A,N/A,-1.7%,N/A,N/A,832680
1299,5,N/A,N/A,N/A,+22.9%,N/A,N/A,669202
1300,4,4,4,4,-1.7%,4,4,744514
1301,4.49,4.5,4.25,4.5,+10.3%,4.5,4.5,687906
1302,4,N/A,N/A,N/A,-1.7%,N/A,N/A,691999
1303,4.5,N/A,N/A,N/A,+10.6%,N/A,N/A,663721
1304,4.12,4.5,4,4.25,+1.2%,4.5,3.75,536519
1305,4.3,N/A,N/A,N/A,+5.7%,N/A,N/A,733307
1306,4.25,N/A,N/A,N/A,+4.4%,N/A,N/A,109437
1307,4.5,N/A,N/A,N/A,+10.6%,N/A,N/A,702300
1308,3.65,N/A,N/A,N/A,-10.3%,N/A,N/A,256
1309,4,N/A,N/A,N/A,-1.7%,N/A,N/A,621740
1310,4,N/A,N/A,N/A,-1.7%,N/A,N/A,529220
1311,4.75,4.75,4.75,4.75,+16.7%,4.75,4.75,598312
1312,4.13,4.25,4,4,+1.5%,4,4.25,757046
1313,3.5,N/A,N/A,N/A,-14%,N/A,N/A,557759
1314,3.65,N/A,N/A,N/A,-10.3%,N/A,N/A,508168
1315,4,N/A,N/A,N/A,-1.7%,N/A,N/A,414243
1316,3.75,N/A,N/A,N/A,-7.9%,N/A,N/A,205702
1317,3.75,N/A,N/A,N/A,-7.9%,N/A,N/A,694861
1318,4,N/A,N/A,N/A,-1.7%,N/A,N/A,698188
1319,3.89,3.75,4,3.75,-4.4%,4.25,3.75,838895
1320,4.04,N/A,N/A,N/A,-0.7%,N/A,N/A,684010
1321,4,N/A,N/A,N/A,-1.7%,N/A,N/A,764703
1322,4.5,N/A,N/A,N/A,+10.6%,N/A,N/A,508945
1323,4,N/A,N/A,N/A,-1.7%,N/A,N/A,445473
1324,4.19,4.25,4,4,+2.9%,4.25,4.25,709805
1325,4,N/A,N/A,N/A,-1.7%,N/A,N/A,784645
1326,4,N/A,N/A,N/A,-1.7%,N/A,N/A,709795
1327,4.2,N/A,N/A,N/A,+3.2%,N/A,N/A,784859
1328,4.5,N/A,N/A,N/A,+10.6%,N/A,N/A,712225
1329,3.5,N/A,N/A,N/A,-14%,N/A,N/A,585435
1330,4.06,4,4,4,-0.2%,4.25,4,276274
1331,4.04,N/A,N/A,N/A,-0.7%,N/A,N/A,829998
1332,3.5,N/A,N/A,N/A,-14%,N/A,N/A,686162
1333,3.88,N/A,N/A,N/A,-4.7%,N/A,N/A,849995
1334,4.68,N/A,N/A,N/A,+15%,N/A,N/A,592668
1335,4.24,4,4.5,4.25,+4.2%,4.25,4.25,772855
1336,4,N/A,N/A,N/A,-1.7%,N/A,N/A,751888
1337,4,N/A,N/A,N/A,-1.7%,N/A,N/A,212193
1338,3,N/A,N/A,N/A,-26.3%,N/A,N/A,662460
1339,4.25,N/A,N/A,N/A,+4.4%,N/A,N/A,495187
1340,3.76,N/A,N/A,N/A,-7.6%,N/A,N/A,688649
1341,4,N/A,N/A,N/A,-1.7%,N/A,N/A,762390
1342,3,N/A,N/A,N/A,-26.3%,N/A,N/A,622108
1343,4,N/A,N/A,N/A,-1.7%,N/A,N/A,848539
1344,4,N/A,N/A,N/A,-1.7%,N/A,N/A,802009
1345,4.21,4.25,4.25,4.25,+3.4%,4.5,4,711311
1346,3.76,N/A,N/A,N/A,-7.6%,N/A,N/A,738725
1347,4,N/A,N/A,N/A,-1.7%,N/A,N/A,831113
1348,4,N/A,N/A,N/A,-1.7%,N/A,N/A,758181
1349,3.75,N/A,N/A,N/A,-7.9%,N/A,N/A,724252
1350,3.75,N/A,N/A,N/A,-7.9%,N/A,N/A,726249
1351,4,N/A,N/A,N/A,-1.7%,N/A,N/A,472506
1352,4,N/A,N/A,N/A,-1.7%,N/A,N/A,821008
1353,3.75,N/A,N/A,N/A,-7.9%,N/A,N/A,797092
1354,4,N/A,N/A,N/A,-1.7%,N/A,N/A,764986
1355,4.25,N/A,N/A,N/A,+4.4%,N/A,N/A,308613
1356,4.25,N/A,N/A,N/A,+4.4%,N/A,N/A,822608
1357,3.75,N/A,N/A,N/A,-7.9%,N/A,N/A,807813
1358,4,N/A,N/A,N/A,-1.7%,N/A,N/A,725879
1359,3.75,N/A,N/A,N/A,-7.9%,N/A,N/A,768639
1360,4.5,N/A,N/A,N/A,+10.6%,N/A,N/A,766504
1361,4.25,N/A,N/A,N/A,+4.4%,N/A,N/A,165432
1362,4.18,4.25,4,4.25,+2.7%,4,4.25,732894
1363,4.19,4.25,4.25,4.25,+2.9%,4,4.25,426911
1364,4,N/A,N/A,N/A,-1.7%,N/A,N/A,750070
1365,4,N/A,N/A,N/A,-1.7%,N/A,N/A,535318
1366,3.75,N/A,N/A,N/A,-7.9%,N/A,N/A,636918
1367,4.02,3.75,4,4,-1.2%,3.75,4.25,586045
1368,3.75,N/A,N/A,N/A,-7.9%,N/A,N/A,785629
1369,3.75,N/A,N/A,N/A,-7.9%,N/A,N/A,765524
1370,3.75,N/A,N/A,N/A,-7.9%,N/A,N/A,663770
1371,4,4,4,4,-1.7%,4,4,439438
1372,3.75,N/A,N/A,N/A,-7.9%,N/A,N/A,98647
1373,4,N/A,N/A,N/A,-1.7%,N/A,N/A,744195
1374,4,N/A,N/A,N/A,-1.7%,N/A,N/A,238184
1375,4,N/A,N/A,N/A,-1.7%,N/A,N/A,801125
1376,4,N/A,N/A,N/A,-1.7%,N/A,N/A,267976
1377,4.5,N/A,N/A,N/A,+10.6%,N/A,N/A,777816
1378,3.9,3.75,3.75,4,-4.2%,3.75,4,144305
1379,3.75,N/A,N/A,N/A,-7.9%,N/A,N/A,698899
1380,4,N/A,N/A,N/A,-1.7%,N/A,N/A,518152
1381,3.75,N/A,N/A,N/A,-7.9%,N/A,N/A,789696
1382,4.09,3.75,3.5,4,+0.5%,5,3.75,552271
1383,4,N/A,N/A,N/A,-1.7%,N/A,N/A,516595
1384,4,N/A,N/A,N/A,-1.7%,N/A,N/A,766126
1385,4.5,N/A,N/A,N/A,+10.6%,N/A,N/A,515789
1386,4,4,4,4,-1.7%,4,4,512580
1387,4.25,N/A,N/A,N/A,+4.4%,N/A,N/A,99624
1388,3.75,N/A,N/A,N/A,-7.9%,N/A,N/A,663388
1389,2.25,N/A,N/A,N/A,-44.7%,N/A,N/A,160720
1390,4,N/A,N/A,N/A,-1.7%,N/A,N/A,704369
1391,4.25,N/A,N/A,N/A,+4.4%,N/A,N/A,638253
1392,1.75,N/A,N/A,N/A,-57%,N/A,N/A,406046
1393,4,N/A,N/A,N/A,-1.7%,N/A,N/A,164286
1394,3.25,N/A,N/A,N/A,-20.1%,N/A,N/A,741368
1395,3.25,N/A,N/A,N/A,-20.1%,N/A,N/A,701064
1396,3.75,N/A,N/A,N/A,-7.9%,N/A,N/A,288024
1397,3.75,N/A,N/A,N/A,-7.9%,N/A,N/A,694513
1398,4,N/A,N/A,N/A,-1.7%,N/A,N/A,355005
1399,3.5,N/A,N/A,N/A,-14%,N/A,N/A,499405
1400,3.75,N/A,N/A,N/A,-7.9%,N/A,N/A,659046
1401,3.5,N/A,N/A,N/A,-14%,N/A,N/A,775892
1402,4.5,N/A,N/A,N/A,+10.6%,N/A,N/A,451922
1403,4.41,4.25,4.25,4.25,+8.4%,4.5,4.5,765198
1404,4,N/A,N/A,N/A,-1.7%,N/A,N/A,768498
1405,4,N/A,N/A,N/A,-1.7%,N/A,N/A,676263
1406,3.75,N/A,N/A,N/A,-7.9%,N/A,N/A,3853
1407,4,N/A,N/A,N/A,-1.7%,N/A,N/A,768052
1408,4,N/A,N/A,N/A,-1.7%,N/A,N/A,366186
1409,3.83,4,3.75,4,-5.9%,3.75,3.75,311921
1410,4.25,N/A,N/A,N/A,+4.4%,N/A,N/A,524792
1411,4.73,4.75,5,4.75,+16.2%,5,4.5,203550
1412,4.5,N/A,N/A,N/A,+10.6%,N/A,N/A,463725
1413,4,N/A,N/A,N/A,-1.7%,N/A,N/A,730089
1414,4.25,N/A,N/A,N/A,+4.4%,N/A,N/A,714806
1415,4,N/A,N/A,N/A,-1.7%,N/A,N/A,731090
1416,4.21,4,4,4.25,+3.4%,4.25,4.25,427290
1417,4,N/A,N/A,N/A,-1.7%,N/A,N/A,184925
1418,4.25,N/A,N/A,N/A,+4.4%,N/A,N/A,722700
1419,3.5,N/A,N/A,N/A,-14%,N/A,N/A,536291
1420,4.75,N/A,N/A,N/A,+16.7%,N/A,N/A,641647
1421,4,N/A,N/A,N/A,-1.7%,N/A,N/A,298865
